start_node,relation,end_node
POI/663155,PLA,Area/47
POI/669727,PLA,Area/94
POI/418849,PLA,Area/211
POI/245,PLA,Area/224
POI/246,PLA,Area/224
POI/358,PLA,Area/233
POI/405,PLA,Area/45
POI/407,PLA,Area/45
POI/408,PLA,Area/209
POI/442,PLA,Area/13
POI/447,PLA,Area/166
POI/475,PLA,Area/233
POI/495,PLA,Area/224
POI/496,PLA,Area/224
POI/497,PLA,Area/224
POI/498,PLA,Area/224
POI/499,PLA,Area/224
POI/507,PLA,Area/161
POI/521,PLA,Area/142
POI/526,PLA,Area/170
POI/533,PLA,Area/33
POI/612,PLA,Area/48
POI/613,PLA,Area/164
POI/619,PLA,Area/164
POI/620,PLA,Area/164
POI/625,PLA,Area/48
POI/626,PLA,Area/48
POI/629,PLA,Area/50
POI/636,PLA,Area/113
POI/659,PLA,Area/142
POI/663,PLA,Area/230
POI/673,PLA,Area/230
POI/674,PLA,Area/230
POI/681,PLA,Area/246
POI/687,PLA,Area/161
POI/850,PLA,Area/150
POI/956,PLA,Area/238
POI/1212,PLA,Area/55
POI/1242,PLA,Area/55
POI/1307,PLA,Area/123
POI/1334,PLA,Area/55
POI/1342,PLA,Area/210
POI/1347,PLA,Area/55
POI/1473,PLA,Area/256
POI/2701,PLA,Area/256
POI/2702,PLA,Area/256
POI/4539,PLA,Area/89
POI/4565,PLA,Area/89
POI/4567,PLA,Area/89
POI/4574,PLA,Area/89
POI/4592,PLA,Area/89
POI/6737,PLA,Area/22
POI/6779,PLA,Area/22
POI/6855,PLA,Area/22
POI/6857,PLA,Area/22
POI/6877,PLA,Area/22
POI/6885,PLA,Area/22
POI/6930,PLA,Area/22
POI/6932,PLA,Area/22
POI/6936,PLA,Area/22
POI/6961,PLA,Area/22
POI/6967,PLA,Area/22
POI/6973,PLA,Area/22
POI/6992,PLA,Area/22
POI/7011,PLA,Area/22
POI/7090,PLA,Area/22
POI/7097,PLA,Area/22
POI/7099,PLA,Area/22
POI/7125,PLA,Area/22
POI/7160,PLA,Area/22
POI/7164,PLA,Area/22
POI/7173,PLA,Area/22
POI/7209,PLA,Area/22
POI/8433,PLA,Area/79
POI/8435,PLA,Area/79
POI/8438,PLA,Area/79
POI/8439,PLA,Area/79
POI/8441,PLA,Area/79
POI/8443,PLA,Area/79
POI/8445,PLA,Area/79
POI/8446,PLA,Area/79
POI/8448,PLA,Area/79
POI/8450,PLA,Area/79
POI/8451,PLA,Area/89
POI/8452,PLA,Area/79
POI/8454,PLA,Area/79
POI/8455,PLA,Area/79
POI/8457,PLA,Area/79
POI/8459,PLA,Area/79
POI/8460,PLA,Area/79
POI/8462,PLA,Area/79
POI/8464,PLA,Area/79
POI/8466,PLA,Area/79
POI/8468,PLA,Area/79
POI/8470,PLA,Area/79
POI/8471,PLA,Area/79
POI/8473,PLA,Area/79
POI/8475,PLA,Area/79
POI/8476,PLA,Area/79
POI/8478,PLA,Area/79
POI/8480,PLA,Area/79
POI/8481,PLA,Area/89
POI/8482,PLA,Area/79
POI/8483,PLA,Area/79
POI/8485,PLA,Area/79
POI/8487,PLA,Area/79
POI/8489,PLA,Area/79
POI/8491,PLA,Area/79
POI/8492,PLA,Area/79
POI/8493,PLA,Area/79
POI/8495,PLA,Area/79
POI/8497,PLA,Area/89
POI/8498,PLA,Area/79
POI/8499,PLA,Area/89
POI/8500,PLA,Area/79
POI/8501,PLA,Area/79
POI/8502,PLA,Area/89
POI/8503,PLA,Area/79
POI/8504,PLA,Area/89
POI/8505,PLA,Area/79
POI/8507,PLA,Area/79
POI/8508,PLA,Area/89
POI/8509,PLA,Area/79
POI/8510,PLA,Area/79
POI/8511,PLA,Area/79
POI/8513,PLA,Area/79
POI/8515,PLA,Area/79
POI/8516,PLA,Area/89
POI/8517,PLA,Area/79
POI/8518,PLA,Area/79
POI/8520,PLA,Area/79
POI/8522,PLA,Area/79
POI/8526,PLA,Area/79
POI/8528,PLA,Area/89
POI/8529,PLA,Area/79
POI/8531,PLA,Area/79
POI/8533,PLA,Area/79
POI/8535,PLA,Area/89
POI/8536,PLA,Area/79
POI/8537,PLA,Area/89
POI/8538,PLA,Area/79
POI/8539,PLA,Area/89
POI/8540,PLA,Area/79
POI/8541,PLA,Area/89
POI/8542,PLA,Area/79
POI/8544,PLA,Area/79
POI/8546,PLA,Area/79
POI/8547,PLA,Area/79
POI/8549,PLA,Area/79
POI/8551,PLA,Area/79
POI/8553,PLA,Area/79
POI/8554,PLA,Area/79
POI/8555,PLA,Area/79
POI/8557,PLA,Area/79
POI/8558,PLA,Area/89
POI/8559,PLA,Area/79
POI/8561,PLA,Area/79
POI/8563,PLA,Area/79
POI/8566,PLA,Area/79
POI/8567,PLA,Area/89
POI/8568,PLA,Area/79
POI/8570,PLA,Area/79
POI/8572,PLA,Area/79
POI/8574,PLA,Area/79
POI/8575,PLA,Area/79
POI/8576,PLA,Area/79
POI/8579,PLA,Area/79
POI/8581,PLA,Area/79
POI/8585,PLA,Area/79
POI/8587,PLA,Area/79
POI/8589,PLA,Area/79
POI/8590,PLA,Area/79
POI/8592,PLA,Area/79
POI/8593,PLA,Area/89
POI/8594,PLA,Area/79
POI/8595,PLA,Area/79
POI/8597,PLA,Area/79
POI/8598,PLA,Area/79
POI/8599,PLA,Area/79
POI/8600,PLA,Area/79
POI/8601,PLA,Area/79
POI/8604,PLA,Area/79
POI/8605,PLA,Area/79
POI/8606,PLA,Area/79
POI/8607,PLA,Area/79
POI/8608,PLA,Area/79
POI/8610,PLA,Area/79
POI/8611,PLA,Area/79
POI/8620,PLA,Area/33
POI/8640,PLA,Area/33
POI/8646,PLA,Area/33
POI/8685,PLA,Area/33
POI/8688,PLA,Area/33
POI/8702,PLA,Area/33
POI/8711,PLA,Area/33
POI/8732,PLA,Area/33
POI/8782,PLA,Area/33
POI/8786,PLA,Area/33
POI/8819,PLA,Area/33
POI/8829,PLA,Area/33
POI/8839,PLA,Area/33
POI/8898,PLA,Area/33
POI/8928,PLA,Area/33
POI/8932,PLA,Area/33
POI/8934,PLA,Area/33
POI/8936,PLA,Area/33
POI/8952,PLA,Area/33
POI/8954,PLA,Area/33
POI/8956,PLA,Area/33
POI/8959,PLA,Area/33
POI/9012,PLA,Area/33
POI/9025,PLA,Area/33
POI/9044,PLA,Area/33
POI/9047,PLA,Area/33
POI/9308,PLA,Area/49
POI/9343,PLA,Area/33
POI/9371,PLA,Area/33
POI/9375,PLA,Area/33
POI/9428,PLA,Area/33
POI/9438,PLA,Area/89
POI/9439,PLA,Area/89
POI/9440,PLA,Area/89
POI/9441,PLA,Area/89
POI/9442,PLA,Area/89
POI/9443,PLA,Area/89
POI/9444,PLA,Area/89
POI/9445,PLA,Area/89
POI/9446,PLA,Area/89
POI/9447,PLA,Area/89
POI/9448,PLA,Area/89
POI/9449,PLA,Area/89
POI/9450,PLA,Area/89
POI/9451,PLA,Area/89
POI/9452,PLA,Area/89
POI/9457,PLA,Area/89
POI/9458,PLA,Area/89
POI/9461,PLA,Area/89
POI/9464,PLA,Area/89
POI/9466,PLA,Area/89
POI/9467,PLA,Area/89
POI/9468,PLA,Area/89
POI/9469,PLA,Area/89
POI/9471,PLA,Area/89
POI/9472,PLA,Area/89
POI/9473,PLA,Area/89
POI/9474,PLA,Area/89
POI/9475,PLA,Area/89
POI/9476,PLA,Area/89
POI/9477,PLA,Area/89
POI/9478,PLA,Area/89
POI/9479,PLA,Area/89
POI/9480,PLA,Area/89
POI/9481,PLA,Area/89
POI/9482,PLA,Area/89
POI/9483,PLA,Area/89
POI/9484,PLA,Area/89
POI/9485,PLA,Area/89
POI/9486,PLA,Area/89
POI/9487,PLA,Area/89
POI/9488,PLA,Area/89
POI/9489,PLA,Area/89
POI/9490,PLA,Area/89
POI/10752,PLA,Area/33
POI/10753,PLA,Area/33
POI/10754,PLA,Area/33
POI/10798,PLA,Area/33
POI/10810,PLA,Area/142
POI/10821,PLA,Area/21
POI/10835,PLA,Area/21
POI/10843,PLA,Area/21
POI/10868,PLA,Area/21
POI/10889,PLA,Area/21
POI/10899,PLA,Area/21
POI/10900,PLA,Area/21
POI/10906,PLA,Area/21
POI/10910,PLA,Area/21
POI/10913,PLA,Area/21
POI/10939,PLA,Area/21
POI/10941,PLA,Area/21
POI/10955,PLA,Area/21
POI/10970,PLA,Area/21
POI/11873,PLA,Area/97
POI/11886,PLA,Area/97
POI/11891,PLA,Area/97
POI/11904,PLA,Area/97
POI/11910,PLA,Area/97
POI/11924,PLA,Area/97
POI/11928,PLA,Area/97
POI/11943,PLA,Area/97
POI/11944,PLA,Area/97
POI/11954,PLA,Area/97
POI/11964,PLA,Area/97
POI/11987,PLA,Area/97
POI/12000,PLA,Area/97
POI/12003,PLA,Area/97
POI/13148,PLA,Area/79
POI/13149,PLA,Area/79
POI/13150,PLA,Area/79
POI/13151,PLA,Area/79
POI/13152,PLA,Area/79
POI/13153,PLA,Area/79
POI/13154,PLA,Area/79
POI/13156,PLA,Area/79
POI/13157,PLA,Area/79
POI/13158,PLA,Area/79
POI/13159,PLA,Area/79
POI/13160,PLA,Area/79
POI/13161,PLA,Area/79
POI/13162,PLA,Area/79
POI/13163,PLA,Area/79
POI/13164,PLA,Area/79
POI/13165,PLA,Area/79
POI/13166,PLA,Area/79
POI/13167,PLA,Area/79
POI/13168,PLA,Area/79
POI/13169,PLA,Area/79
POI/13170,PLA,Area/79
POI/13171,PLA,Area/79
POI/13172,PLA,Area/79
POI/13173,PLA,Area/79
POI/13174,PLA,Area/79
POI/13175,PLA,Area/79
POI/13177,PLA,Area/79
POI/13178,PLA,Area/79
POI/13179,PLA,Area/79
POI/13180,PLA,Area/79
POI/13184,PLA,Area/79
POI/13185,PLA,Area/79
POI/13186,PLA,Area/79
POI/13187,PLA,Area/79
POI/13188,PLA,Area/79
POI/13189,PLA,Area/79
POI/13190,PLA,Area/79
POI/13191,PLA,Area/79
POI/13192,PLA,Area/79
POI/13193,PLA,Area/79
POI/13194,PLA,Area/79
POI/13195,PLA,Area/79
POI/13196,PLA,Area/79
POI/13197,PLA,Area/79
POI/13198,PLA,Area/79
POI/13199,PLA,Area/79
POI/13200,PLA,Area/79
POI/13201,PLA,Area/79
POI/13202,PLA,Area/79
POI/13203,PLA,Area/79
POI/13204,PLA,Area/79
POI/13205,PLA,Area/79
POI/13206,PLA,Area/79
POI/13207,PLA,Area/79
POI/13208,PLA,Area/79
POI/13210,PLA,Area/79
POI/13211,PLA,Area/79
POI/13212,PLA,Area/79
POI/13213,PLA,Area/79
POI/13214,PLA,Area/79
POI/13215,PLA,Area/79
POI/13216,PLA,Area/79
POI/13217,PLA,Area/79
POI/13218,PLA,Area/79
POI/13219,PLA,Area/79
POI/13220,PLA,Area/79
POI/13221,PLA,Area/79
POI/13222,PLA,Area/79
POI/13223,PLA,Area/79
POI/13224,PLA,Area/79
POI/13225,PLA,Area/79
POI/13226,PLA,Area/79
POI/13227,PLA,Area/79
POI/13228,PLA,Area/79
POI/13229,PLA,Area/79
POI/13230,PLA,Area/79
POI/13232,PLA,Area/79
POI/13233,PLA,Area/79
POI/13234,PLA,Area/79
POI/13235,PLA,Area/79
POI/13236,PLA,Area/79
POI/13237,PLA,Area/79
POI/13239,PLA,Area/79
POI/13240,PLA,Area/79
POI/13241,PLA,Area/79
POI/13242,PLA,Area/79
POI/13243,PLA,Area/79
POI/13245,PLA,Area/79
POI/13246,PLA,Area/79
POI/13247,PLA,Area/79
POI/13248,PLA,Area/79
POI/13249,PLA,Area/79
POI/15011,PLA,Area/89
POI/15618,PLA,Area/33
POI/15619,PLA,Area/33
POI/15620,PLA,Area/33
POI/15624,PLA,Area/33
POI/15625,PLA,Area/33
POI/15626,PLA,Area/33
POI/15627,PLA,Area/33
POI/15630,PLA,Area/33
POI/15636,PLA,Area/33
POI/15638,PLA,Area/33
POI/15646,PLA,Area/33
POI/15653,PLA,Area/33
POI/15655,PLA,Area/33
POI/15667,PLA,Area/33
POI/15669,PLA,Area/33
POI/15675,PLA,Area/33
POI/15681,PLA,Area/33
POI/15682,PLA,Area/33
POI/15686,PLA,Area/33
POI/15692,PLA,Area/33
POI/15696,PLA,Area/33
POI/15698,PLA,Area/33
POI/15701,PLA,Area/33
POI/15708,PLA,Area/33
POI/15712,PLA,Area/33
POI/15714,PLA,Area/33
POI/15715,PLA,Area/33
POI/15717,PLA,Area/33
POI/15719,PLA,Area/33
POI/15722,PLA,Area/33
POI/15724,PLA,Area/33
POI/15727,PLA,Area/33
POI/15728,PLA,Area/33
POI/15730,PLA,Area/33
POI/15734,PLA,Area/79
POI/15735,PLA,Area/79
POI/15736,PLA,Area/79
POI/15737,PLA,Area/79
POI/15738,PLA,Area/79
POI/15739,PLA,Area/79
POI/15740,PLA,Area/79
POI/15741,PLA,Area/79
POI/15742,PLA,Area/79
POI/15743,PLA,Area/79
POI/15744,PLA,Area/79
POI/15745,PLA,Area/79
POI/15746,PLA,Area/79
POI/15748,PLA,Area/79
POI/15749,PLA,Area/79
POI/15750,PLA,Area/79
POI/15751,PLA,Area/79
POI/15752,PLA,Area/79
POI/15753,PLA,Area/79
POI/15754,PLA,Area/79
POI/15755,PLA,Area/79
POI/15756,PLA,Area/79
POI/15757,PLA,Area/79
POI/15758,PLA,Area/79
POI/15759,PLA,Area/79
POI/15760,PLA,Area/79
POI/15762,PLA,Area/79
POI/15763,PLA,Area/79
POI/15764,PLA,Area/79
POI/15765,PLA,Area/79
POI/15766,PLA,Area/79
POI/15768,PLA,Area/79
POI/15769,PLA,Area/79
POI/15770,PLA,Area/79
POI/15771,PLA,Area/79
POI/15772,PLA,Area/79
POI/15773,PLA,Area/79
POI/15774,PLA,Area/79
POI/15775,PLA,Area/79
POI/15776,PLA,Area/79
POI/15777,PLA,Area/79
POI/15778,PLA,Area/79
POI/15779,PLA,Area/79
POI/15781,PLA,Area/79
POI/15782,PLA,Area/79
POI/15783,PLA,Area/79
POI/15784,PLA,Area/79
POI/15785,PLA,Area/79
POI/15786,PLA,Area/79
POI/15787,PLA,Area/79
POI/15788,PLA,Area/79
POI/15789,PLA,Area/79
POI/15791,PLA,Area/79
POI/15792,PLA,Area/79
POI/15794,PLA,Area/79
POI/15795,PLA,Area/79
POI/15796,PLA,Area/79
POI/15797,PLA,Area/79
POI/15799,PLA,Area/79
POI/15800,PLA,Area/79
POI/15801,PLA,Area/79
POI/15802,PLA,Area/79
POI/15804,PLA,Area/79
POI/15805,PLA,Area/79
POI/15806,PLA,Area/79
POI/15807,PLA,Area/79
POI/15808,PLA,Area/79
POI/15810,PLA,Area/79
POI/15811,PLA,Area/79
POI/15812,PLA,Area/79
POI/15813,PLA,Area/79
POI/15814,PLA,Area/79
POI/15816,PLA,Area/79
POI/15817,PLA,Area/79
POI/15818,PLA,Area/79
POI/15819,PLA,Area/79
POI/15820,PLA,Area/79
POI/15821,PLA,Area/79
POI/15822,PLA,Area/79
POI/15824,PLA,Area/79
POI/15825,PLA,Area/79
POI/15827,PLA,Area/79
POI/15829,PLA,Area/79
POI/15830,PLA,Area/79
POI/15831,PLA,Area/79
POI/18099,PLA,Area/255
POI/18100,PLA,Area/255
POI/18115,PLA,Area/255
POI/18151,PLA,Area/33
POI/18158,PLA,Area/33
POI/18165,PLA,Area/33
POI/18169,PLA,Area/33
POI/18172,PLA,Area/33
POI/18178,PLA,Area/255
POI/18179,PLA,Area/33
POI/18184,PLA,Area/33
POI/18187,PLA,Area/33
POI/18231,PLA,Area/255
POI/18239,PLA,Area/255
POI/18243,PLA,Area/255
POI/18253,PLA,Area/255
POI/18256,PLA,Area/255
POI/18264,PLA,Area/255
POI/18271,PLA,Area/33
POI/18276,PLA,Area/33
POI/18280,PLA,Area/33
POI/19015,PLA,Area/189
POI/19018,PLA,Area/189
POI/19020,PLA,Area/189
POI/19023,PLA,Area/189
POI/19026,PLA,Area/189
POI/19154,PLA,Area/181
POI/19220,PLA,Area/181
POI/20682,PLA,Area/33
POI/20727,PLA,Area/33
POI/20733,PLA,Area/33
POI/20755,PLA,Area/33
POI/20760,PLA,Area/33
POI/20766,PLA,Area/33
POI/20849,PLA,Area/33
POI/20932,PLA,Area/21
POI/20934,PLA,Area/21
POI/20975,PLA,Area/21
POI/20983,PLA,Area/21
POI/21004,PLA,Area/21
POI/21075,PLA,Area/21
POI/21088,PLA,Area/21
POI/21208,PLA,Area/21
POI/21238,PLA,Area/21
POI/21252,PLA,Area/21
POI/21274,PLA,Area/21
POI/21338,PLA,Area/21
POI/21570,PLA,Area/21
POI/21579,PLA,Area/21
POI/21596,PLA,Area/21
POI/21607,PLA,Area/21
POI/21616,PLA,Area/21
POI/21622,PLA,Area/21
POI/21624,PLA,Area/21
POI/21627,PLA,Area/21
POI/21628,PLA,Area/21
POI/21631,PLA,Area/21
POI/21635,PLA,Area/21
POI/21650,PLA,Area/89
POI/21670,PLA,Area/89
POI/21673,PLA,Area/89
POI/21676,PLA,Area/89
POI/21677,PLA,Area/89
POI/21682,PLA,Area/89
POI/21683,PLA,Area/89
POI/21684,PLA,Area/89
POI/21754,PLA,Area/89
POI/21801,PLA,Area/89
POI/22351,PLA,Area/89
POI/22352,PLA,Area/89
POI/22354,PLA,Area/89
POI/22355,PLA,Area/89
POI/22356,PLA,Area/89
POI/22357,PLA,Area/89
POI/22358,PLA,Area/89
POI/22359,PLA,Area/89
POI/22360,PLA,Area/89
POI/22361,PLA,Area/89
POI/22362,PLA,Area/89
POI/22363,PLA,Area/89
POI/22364,PLA,Area/89
POI/22365,PLA,Area/89
POI/22366,PLA,Area/89
POI/22367,PLA,Area/89
POI/22368,PLA,Area/89
POI/22369,PLA,Area/89
POI/22370,PLA,Area/89
POI/22375,PLA,Area/89
POI/23087,PLA,Area/89
POI/23096,PLA,Area/89
POI/23216,PLA,Area/55
POI/24088,PLA,Area/79
POI/24090,PLA,Area/79
POI/24091,PLA,Area/79
POI/24093,PLA,Area/79
POI/24094,PLA,Area/79
POI/24095,PLA,Area/79
POI/24096,PLA,Area/79
POI/24098,PLA,Area/79
POI/24099,PLA,Area/79
POI/24100,PLA,Area/79
POI/24101,PLA,Area/79
POI/24102,PLA,Area/79
POI/24103,PLA,Area/79
POI/24104,PLA,Area/79
POI/24105,PLA,Area/79
POI/24106,PLA,Area/79
POI/24108,PLA,Area/79
POI/24109,PLA,Area/79
POI/24110,PLA,Area/79
POI/24111,PLA,Area/79
POI/24112,PLA,Area/79
POI/24113,PLA,Area/79
POI/24114,PLA,Area/79
POI/24115,PLA,Area/79
POI/24116,PLA,Area/79
POI/24117,PLA,Area/79
POI/24118,PLA,Area/79
POI/24119,PLA,Area/79
POI/24120,PLA,Area/79
POI/24121,PLA,Area/79
POI/24122,PLA,Area/79
POI/24123,PLA,Area/79
POI/24124,PLA,Area/79
POI/24125,PLA,Area/79
POI/24127,PLA,Area/79
POI/24128,PLA,Area/79
POI/24129,PLA,Area/79
POI/24130,PLA,Area/79
POI/24132,PLA,Area/79
POI/24133,PLA,Area/79
POI/24134,PLA,Area/79
POI/24135,PLA,Area/79
POI/24136,PLA,Area/79
POI/24137,PLA,Area/79
POI/24138,PLA,Area/79
POI/24139,PLA,Area/79
POI/24140,PLA,Area/79
POI/24141,PLA,Area/79
POI/24142,PLA,Area/79
POI/24143,PLA,Area/79
POI/24144,PLA,Area/79
POI/24145,PLA,Area/79
POI/24146,PLA,Area/79
POI/24147,PLA,Area/79
POI/24148,PLA,Area/79
POI/24149,PLA,Area/79
POI/24150,PLA,Area/79
POI/24151,PLA,Area/79
POI/24152,PLA,Area/79
POI/24153,PLA,Area/79
POI/24154,PLA,Area/79
POI/24155,PLA,Area/79
POI/24156,PLA,Area/79
POI/24157,PLA,Area/79
POI/24158,PLA,Area/79
POI/24160,PLA,Area/79
POI/24161,PLA,Area/79
POI/24162,PLA,Area/79
POI/24163,PLA,Area/79
POI/24164,PLA,Area/79
POI/24165,PLA,Area/79
POI/24166,PLA,Area/79
POI/24167,PLA,Area/79
POI/24169,PLA,Area/79
POI/24170,PLA,Area/79
POI/24172,PLA,Area/79
POI/24174,PLA,Area/79
POI/24176,PLA,Area/79
POI/24177,PLA,Area/79
POI/24179,PLA,Area/79
POI/24180,PLA,Area/79
POI/24181,PLA,Area/79
POI/24182,PLA,Area/79
POI/24183,PLA,Area/79
POI/24184,PLA,Area/79
POI/24185,PLA,Area/79
POI/24186,PLA,Area/79
POI/24452,PLA,Area/33
POI/24484,PLA,Area/97
POI/24492,PLA,Area/97
POI/24498,PLA,Area/97
POI/24580,PLA,Area/97
POI/24604,PLA,Area/97
POI/24610,PLA,Area/97
POI/24622,PLA,Area/97
POI/24638,PLA,Area/97
POI/24650,PLA,Area/97
POI/24812,PLA,Area/21
POI/27560,PLA,Area/33
POI/29061,PLA,Area/55
POI/29062,PLA,Area/55
POI/42683,PLA,Area/33
POI/42711,PLA,Area/33
POI/42845,PLA,Area/33
POI/43022,PLA,Area/52
POI/43024,PLA,Area/52
POI/48060,PLA,Area/25
POI/48066,PLA,Area/25
POI/110587,PLA,Area/76
POI/110588,PLA,Area/76
POI/153509,PLA,Area/134
POI/153510,PLA,Area/134
POI/153654,PLA,Area/134
POI/156014,PLA,Area/197
POI/169845,PLA,Area/191
POI/183006,PLA,Area/191
POI/183330,PLA,Area/113
POI/183331,PLA,Area/113
POI/183332,PLA,Area/113
POI/183333,PLA,Area/79
POI/183334,PLA,Area/79
POI/183335,PLA,Area/79
POI/183336,PLA,Area/79
POI/183337,PLA,Area/79
POI/183338,PLA,Area/79
POI/183339,PLA,Area/79
POI/183341,PLA,Area/79
POI/183342,PLA,Area/79
POI/183343,PLA,Area/79
POI/183344,PLA,Area/79
POI/183345,PLA,Area/79
POI/183346,PLA,Area/79
POI/183348,PLA,Area/79
POI/183350,PLA,Area/79
POI/183353,PLA,Area/79
POI/183357,PLA,Area/79
POI/183358,PLA,Area/79
POI/183360,PLA,Area/113
POI/183363,PLA,Area/113
POI/183366,PLA,Area/113
POI/183367,PLA,Area/113
POI/183369,PLA,Area/113
POI/183375,PLA,Area/113
POI/183377,PLA,Area/79
POI/183379,PLA,Area/79
POI/183381,PLA,Area/79
POI/183382,PLA,Area/79
POI/183383,PLA,Area/79
POI/183384,PLA,Area/79
POI/183385,PLA,Area/79
POI/183386,PLA,Area/79
POI/183387,PLA,Area/79
POI/183388,PLA,Area/79
POI/183389,PLA,Area/79
POI/183390,PLA,Area/79
POI/183392,PLA,Area/79
POI/183393,PLA,Area/79
POI/183394,PLA,Area/79
POI/183395,PLA,Area/79
POI/183396,PLA,Area/79
POI/183398,PLA,Area/113
POI/183399,PLA,Area/113
POI/183400,PLA,Area/79
POI/183401,PLA,Area/79
POI/183402,PLA,Area/113
POI/183403,PLA,Area/113
POI/183404,PLA,Area/113
POI/183405,PLA,Area/113
POI/183406,PLA,Area/113
POI/183408,PLA,Area/113
POI/183410,PLA,Area/79
POI/183411,PLA,Area/79
POI/183414,PLA,Area/113
POI/183415,PLA,Area/113
POI/183417,PLA,Area/79
POI/183418,PLA,Area/79
POI/183419,PLA,Area/79
POI/183420,PLA,Area/79
POI/183422,PLA,Area/79
POI/183423,PLA,Area/79
POI/183424,PLA,Area/79
POI/183425,PLA,Area/79
POI/183426,PLA,Area/79
POI/183427,PLA,Area/79
POI/183428,PLA,Area/113
POI/183429,PLA,Area/79
POI/183432,PLA,Area/113
POI/183433,PLA,Area/79
POI/183434,PLA,Area/79
POI/183438,PLA,Area/79
POI/183439,PLA,Area/79
POI/183441,PLA,Area/79
POI/183444,PLA,Area/79
POI/183445,PLA,Area/113
POI/183446,PLA,Area/79
POI/183447,PLA,Area/79
POI/183448,PLA,Area/79
POI/183449,PLA,Area/79
POI/183779,PLA,Area/114
POI/183782,PLA,Area/114
POI/183783,PLA,Area/114
POI/183785,PLA,Area/114
POI/183789,PLA,Area/114
POI/183794,PLA,Area/79
POI/183799,PLA,Area/114
POI/183803,PLA,Area/114
POI/183808,PLA,Area/114
POI/183812,PLA,Area/79
POI/183814,PLA,Area/114
POI/183815,PLA,Area/114
POI/183819,PLA,Area/79
POI/183821,PLA,Area/79
POI/183826,PLA,Area/114
POI/183828,PLA,Area/79
POI/183830,PLA,Area/114
POI/183832,PLA,Area/79
POI/183834,PLA,Area/114
POI/183836,PLA,Area/114
POI/183840,PLA,Area/114
POI/183842,PLA,Area/114
POI/183844,PLA,Area/114
POI/183846,PLA,Area/114
POI/183848,PLA,Area/114
POI/183850,PLA,Area/114
POI/183852,PLA,Area/114
POI/183856,PLA,Area/114
POI/183859,PLA,Area/114
POI/183861,PLA,Area/114
POI/183863,PLA,Area/114
POI/183864,PLA,Area/114
POI/183866,PLA,Area/79
POI/183868,PLA,Area/114
POI/183870,PLA,Area/114
POI/183872,PLA,Area/114
POI/183876,PLA,Area/114
POI/183878,PLA,Area/114
POI/183880,PLA,Area/114
POI/183882,PLA,Area/114
POI/183896,PLA,Area/114
POI/183901,PLA,Area/114
POI/183905,PLA,Area/114
POI/183915,PLA,Area/114
POI/183922,PLA,Area/79
POI/183924,PLA,Area/114
POI/183926,PLA,Area/114
POI/183928,PLA,Area/79
POI/183935,PLA,Area/114
POI/183947,PLA,Area/114
POI/183949,PLA,Area/114
POI/183950,PLA,Area/79
POI/183952,PLA,Area/79
POI/183954,PLA,Area/114
POI/183959,PLA,Area/79
POI/184332,PLA,Area/79
POI/184333,PLA,Area/79
POI/184334,PLA,Area/79
POI/184335,PLA,Area/79
POI/184336,PLA,Area/79
POI/184337,PLA,Area/79
POI/184338,PLA,Area/79
POI/184339,PLA,Area/79
POI/184341,PLA,Area/79
POI/184344,PLA,Area/79
POI/184345,PLA,Area/79
POI/184347,PLA,Area/79
POI/184348,PLA,Area/79
POI/184349,PLA,Area/79
POI/184350,PLA,Area/79
POI/184351,PLA,Area/79
POI/184352,PLA,Area/79
POI/184353,PLA,Area/79
POI/184354,PLA,Area/79
POI/184355,PLA,Area/79
POI/184356,PLA,Area/79
POI/184357,PLA,Area/79
POI/184358,PLA,Area/79
POI/184359,PLA,Area/79
POI/184360,PLA,Area/79
POI/184361,PLA,Area/79
POI/184362,PLA,Area/79
POI/184363,PLA,Area/79
POI/184364,PLA,Area/79
POI/184365,PLA,Area/79
POI/184366,PLA,Area/79
POI/184368,PLA,Area/79
POI/184369,PLA,Area/79
POI/184370,PLA,Area/79
POI/184371,PLA,Area/79
POI/184373,PLA,Area/79
POI/184374,PLA,Area/79
POI/184375,PLA,Area/79
POI/184376,PLA,Area/79
POI/184377,PLA,Area/79
POI/184378,PLA,Area/79
POI/184379,PLA,Area/79
POI/184380,PLA,Area/79
POI/184381,PLA,Area/79
POI/184382,PLA,Area/79
POI/184383,PLA,Area/79
POI/184385,PLA,Area/79
POI/184386,PLA,Area/79
POI/184388,PLA,Area/79
POI/184389,PLA,Area/79
POI/184390,PLA,Area/79
POI/184391,PLA,Area/79
POI/184392,PLA,Area/79
POI/184393,PLA,Area/79
POI/184394,PLA,Area/79
POI/184395,PLA,Area/79
POI/184396,PLA,Area/79
POI/184398,PLA,Area/79
POI/184399,PLA,Area/79
POI/184400,PLA,Area/79
POI/184401,PLA,Area/79
POI/184402,PLA,Area/79
POI/184403,PLA,Area/79
POI/184404,PLA,Area/79
POI/184405,PLA,Area/79
POI/184406,PLA,Area/79
POI/184407,PLA,Area/79
POI/184408,PLA,Area/79
POI/184409,PLA,Area/79
POI/184410,PLA,Area/79
POI/184411,PLA,Area/79
POI/184412,PLA,Area/79
POI/184413,PLA,Area/79
POI/184414,PLA,Area/79
POI/184415,PLA,Area/79
POI/184416,PLA,Area/79
POI/184417,PLA,Area/79
POI/184419,PLA,Area/79
POI/184420,PLA,Area/79
POI/184422,PLA,Area/79
POI/184423,PLA,Area/79
POI/184426,PLA,Area/79
POI/184427,PLA,Area/79
POI/184428,PLA,Area/79
POI/184429,PLA,Area/79
POI/184430,PLA,Area/79
POI/184433,PLA,Area/79
POI/184434,PLA,Area/79
POI/184439,PLA,Area/113
POI/184442,PLA,Area/113
POI/184449,PLA,Area/114
POI/184452,PLA,Area/114
POI/184453,PLA,Area/114
POI/184465,PLA,Area/114
POI/184466,PLA,Area/114
POI/184469,PLA,Area/114
POI/184472,PLA,Area/114
POI/184478,PLA,Area/114
POI/184486,PLA,Area/114
POI/184489,PLA,Area/114
POI/184525,PLA,Area/114
POI/184526,PLA,Area/114
POI/184527,PLA,Area/114
POI/184528,PLA,Area/114
POI/184529,PLA,Area/114
POI/184530,PLA,Area/114
POI/184531,PLA,Area/114
POI/184532,PLA,Area/114
POI/184533,PLA,Area/114
POI/184534,PLA,Area/114
POI/184535,PLA,Area/114
POI/184536,PLA,Area/114
POI/184537,PLA,Area/114
POI/184538,PLA,Area/114
POI/184539,PLA,Area/114
POI/184540,PLA,Area/114
POI/184541,PLA,Area/114
POI/184542,PLA,Area/114
POI/184543,PLA,Area/114
POI/184548,PLA,Area/114
POI/184550,PLA,Area/114
POI/184562,PLA,Area/114
POI/184564,PLA,Area/114
POI/184569,PLA,Area/114
POI/184571,PLA,Area/114
POI/184574,PLA,Area/79
POI/184575,PLA,Area/79
POI/184576,PLA,Area/79
POI/184577,PLA,Area/79
POI/184578,PLA,Area/79
POI/184580,PLA,Area/79
POI/184582,PLA,Area/79
POI/184583,PLA,Area/79
POI/184585,PLA,Area/79
POI/184586,PLA,Area/79
POI/184587,PLA,Area/79
POI/184588,PLA,Area/79
POI/184589,PLA,Area/79
POI/184590,PLA,Area/79
POI/184591,PLA,Area/79
POI/184592,PLA,Area/79
POI/184593,PLA,Area/79
POI/184594,PLA,Area/79
POI/184595,PLA,Area/79
POI/184596,PLA,Area/79
POI/184597,PLA,Area/79
POI/184598,PLA,Area/79
POI/184599,PLA,Area/79
POI/184600,PLA,Area/79
POI/184601,PLA,Area/79
POI/184602,PLA,Area/79
POI/184603,PLA,Area/79
POI/184604,PLA,Area/79
POI/184605,PLA,Area/79
POI/184606,PLA,Area/79
POI/184607,PLA,Area/79
POI/184608,PLA,Area/79
POI/184609,PLA,Area/79
POI/184610,PLA,Area/79
POI/184611,PLA,Area/79
POI/184612,PLA,Area/79
POI/184613,PLA,Area/79
POI/184614,PLA,Area/79
POI/184615,PLA,Area/79
POI/184616,PLA,Area/79
POI/184617,PLA,Area/79
POI/184618,PLA,Area/79
POI/184620,PLA,Area/79
POI/184621,PLA,Area/79
POI/184622,PLA,Area/79
POI/184623,PLA,Area/79
POI/184624,PLA,Area/79
POI/184625,PLA,Area/79
POI/184626,PLA,Area/79
POI/184627,PLA,Area/79
POI/184628,PLA,Area/79
POI/184629,PLA,Area/79
POI/184630,PLA,Area/79
POI/184631,PLA,Area/79
POI/184632,PLA,Area/79
POI/184634,PLA,Area/79
POI/184635,PLA,Area/79
POI/184636,PLA,Area/79
POI/184637,PLA,Area/79
POI/184638,PLA,Area/79
POI/184639,PLA,Area/79
POI/185400,PLA,Area/79
POI/185401,PLA,Area/79
POI/185403,PLA,Area/79
POI/185404,PLA,Area/79
POI/185405,PLA,Area/79
POI/185406,PLA,Area/79
POI/185407,PLA,Area/79
POI/185408,PLA,Area/79
POI/185409,PLA,Area/79
POI/185410,PLA,Area/79
POI/185411,PLA,Area/79
POI/185413,PLA,Area/79
POI/185415,PLA,Area/79
POI/185416,PLA,Area/79
POI/185417,PLA,Area/79
POI/185418,PLA,Area/79
POI/185419,PLA,Area/79
POI/185420,PLA,Area/79
POI/185421,PLA,Area/79
POI/185422,PLA,Area/79
POI/185423,PLA,Area/79
POI/185424,PLA,Area/79
POI/185425,PLA,Area/79
POI/185426,PLA,Area/79
POI/185427,PLA,Area/79
POI/185428,PLA,Area/79
POI/185429,PLA,Area/79
POI/185430,PLA,Area/79
POI/185431,PLA,Area/79
POI/185432,PLA,Area/79
POI/185433,PLA,Area/79
POI/185434,PLA,Area/79
POI/185435,PLA,Area/79
POI/185436,PLA,Area/79
POI/185437,PLA,Area/79
POI/185438,PLA,Area/79
POI/185439,PLA,Area/79
POI/185440,PLA,Area/79
POI/185441,PLA,Area/79
POI/185442,PLA,Area/79
POI/185443,PLA,Area/79
POI/185444,PLA,Area/79
POI/185445,PLA,Area/79
POI/185446,PLA,Area/79
POI/185447,PLA,Area/79
POI/185448,PLA,Area/79
POI/185449,PLA,Area/79
POI/185450,PLA,Area/79
POI/185451,PLA,Area/79
POI/185452,PLA,Area/79
POI/185453,PLA,Area/79
POI/185454,PLA,Area/79
POI/185455,PLA,Area/79
POI/185456,PLA,Area/79
POI/185457,PLA,Area/79
POI/185459,PLA,Area/79
POI/185460,PLA,Area/79
POI/185461,PLA,Area/79
POI/185462,PLA,Area/79
POI/185463,PLA,Area/79
POI/185464,PLA,Area/79
POI/185465,PLA,Area/79
POI/185466,PLA,Area/79
POI/185467,PLA,Area/79
POI/185468,PLA,Area/79
POI/185469,PLA,Area/79
POI/185470,PLA,Area/79
POI/185471,PLA,Area/79
POI/185472,PLA,Area/79
POI/185473,PLA,Area/79
POI/185474,PLA,Area/79
POI/185476,PLA,Area/79
POI/185477,PLA,Area/79
POI/185478,PLA,Area/79
POI/185479,PLA,Area/79
POI/185480,PLA,Area/79
POI/185481,PLA,Area/79
POI/185482,PLA,Area/79
POI/185483,PLA,Area/79
POI/185484,PLA,Area/79
POI/185485,PLA,Area/79
POI/185486,PLA,Area/79
POI/185487,PLA,Area/79
POI/185488,PLA,Area/79
POI/185489,PLA,Area/79
POI/185490,PLA,Area/79
POI/185491,PLA,Area/79
POI/185492,PLA,Area/79
POI/185493,PLA,Area/79
POI/185494,PLA,Area/79
POI/185495,PLA,Area/79
POI/185496,PLA,Area/79
POI/185497,PLA,Area/79
POI/185498,PLA,Area/79
POI/185499,PLA,Area/79
POI/185500,PLA,Area/79
POI/185501,PLA,Area/79
POI/185502,PLA,Area/79
POI/185503,PLA,Area/79
POI/185504,PLA,Area/79
POI/185505,PLA,Area/79
POI/185506,PLA,Area/79
POI/185507,PLA,Area/79
POI/185508,PLA,Area/79
POI/185509,PLA,Area/79
POI/185510,PLA,Area/79
POI/185511,PLA,Area/79
POI/185512,PLA,Area/79
POI/185513,PLA,Area/79
POI/185514,PLA,Area/79
POI/185516,PLA,Area/79
POI/185517,PLA,Area/79
POI/185518,PLA,Area/79
POI/185519,PLA,Area/79
POI/185522,PLA,Area/79
POI/185523,PLA,Area/79
POI/185525,PLA,Area/79
POI/185526,PLA,Area/79
POI/185527,PLA,Area/79
POI/185528,PLA,Area/79
POI/185529,PLA,Area/79
POI/185530,PLA,Area/79
POI/185531,PLA,Area/79
POI/185533,PLA,Area/79
POI/185534,PLA,Area/79
POI/185535,PLA,Area/79
POI/185536,PLA,Area/79
POI/185537,PLA,Area/79
POI/185538,PLA,Area/79
POI/185539,PLA,Area/79
POI/185540,PLA,Area/79
POI/185541,PLA,Area/79
POI/185542,PLA,Area/79
POI/185543,PLA,Area/79
POI/185544,PLA,Area/79
POI/185545,PLA,Area/79
POI/185546,PLA,Area/79
POI/185547,PLA,Area/79
POI/185548,PLA,Area/79
POI/185549,PLA,Area/79
POI/185550,PLA,Area/79
POI/185551,PLA,Area/79
POI/185552,PLA,Area/79
POI/185555,PLA,Area/79
POI/185556,PLA,Area/79
POI/185557,PLA,Area/79
POI/185558,PLA,Area/79
POI/185559,PLA,Area/79
POI/185560,PLA,Area/79
POI/185561,PLA,Area/79
POI/185562,PLA,Area/79
POI/185563,PLA,Area/79
POI/185564,PLA,Area/79
POI/185565,PLA,Area/79
POI/185566,PLA,Area/79
POI/185567,PLA,Area/79
POI/185568,PLA,Area/79
POI/185569,PLA,Area/79
POI/185570,PLA,Area/79
POI/185571,PLA,Area/79
POI/185572,PLA,Area/79
POI/185574,PLA,Area/79
POI/185575,PLA,Area/79
POI/185576,PLA,Area/79
POI/185577,PLA,Area/79
POI/185578,PLA,Area/79
POI/185580,PLA,Area/79
POI/185583,PLA,Area/79
POI/185584,PLA,Area/79
POI/185587,PLA,Area/79
POI/185588,PLA,Area/79
POI/185589,PLA,Area/79
POI/185590,PLA,Area/79
POI/185591,PLA,Area/79
POI/185597,PLA,Area/79
POI/185598,PLA,Area/79
POI/185600,PLA,Area/79
POI/185601,PLA,Area/79
POI/185602,PLA,Area/79
POI/185605,PLA,Area/79
POI/185606,PLA,Area/79
POI/185607,PLA,Area/79
POI/185608,PLA,Area/79
POI/185609,PLA,Area/79
POI/185610,PLA,Area/79
POI/185612,PLA,Area/79
POI/185613,PLA,Area/79
POI/185614,PLA,Area/79
POI/185615,PLA,Area/79
POI/185616,PLA,Area/79
POI/185617,PLA,Area/79
POI/185618,PLA,Area/79
POI/185620,PLA,Area/79
POI/185621,PLA,Area/79
POI/185622,PLA,Area/79
POI/185623,PLA,Area/79
POI/185624,PLA,Area/79
POI/185625,PLA,Area/79
POI/185626,PLA,Area/79
POI/185627,PLA,Area/79
POI/185628,PLA,Area/79
POI/185629,PLA,Area/79
POI/185630,PLA,Area/79
POI/185634,PLA,Area/79
POI/185635,PLA,Area/79
POI/185680,PLA,Area/122
POI/186027,PLA,Area/113
POI/186028,PLA,Area/113
POI/186029,PLA,Area/113
POI/186030,PLA,Area/113
POI/186031,PLA,Area/113
POI/186033,PLA,Area/113
POI/186034,PLA,Area/113
POI/186037,PLA,Area/113
POI/186038,PLA,Area/113
POI/186040,PLA,Area/113
POI/186042,PLA,Area/113
POI/186044,PLA,Area/113
POI/186046,PLA,Area/113
POI/186048,PLA,Area/113
POI/186050,PLA,Area/113
POI/186052,PLA,Area/113
POI/186054,PLA,Area/113
POI/186059,PLA,Area/113
POI/186065,PLA,Area/113
POI/186067,PLA,Area/113
POI/186069,PLA,Area/113
POI/186072,PLA,Area/113
POI/186501,PLA,Area/79
POI/186503,PLA,Area/79
POI/186505,PLA,Area/79
POI/186510,PLA,Area/79
POI/186512,PLA,Area/79
POI/186514,PLA,Area/79
POI/186517,PLA,Area/79
POI/186523,PLA,Area/79
POI/186525,PLA,Area/79
POI/186527,PLA,Area/79
POI/186529,PLA,Area/79
POI/186531,PLA,Area/79
POI/186533,PLA,Area/79
POI/186535,PLA,Area/79
POI/186537,PLA,Area/79
POI/186539,PLA,Area/79
POI/186541,PLA,Area/79
POI/186545,PLA,Area/79
POI/186547,PLA,Area/79
POI/186549,PLA,Area/79
POI/186551,PLA,Area/79
POI/186553,PLA,Area/79
POI/186555,PLA,Area/79
POI/186557,PLA,Area/79
POI/186559,PLA,Area/79
POI/186561,PLA,Area/79
POI/186565,PLA,Area/79
POI/186569,PLA,Area/79
POI/186573,PLA,Area/79
POI/186575,PLA,Area/79
POI/186998,PLA,Area/113
POI/187006,PLA,Area/113
POI/187007,PLA,Area/113
POI/187008,PLA,Area/113
POI/187259,PLA,Area/113
POI/187260,PLA,Area/113
POI/187262,PLA,Area/113
POI/187264,PLA,Area/113
POI/187265,PLA,Area/113
POI/187269,PLA,Area/113
POI/187271,PLA,Area/113
POI/187273,PLA,Area/113
POI/187275,PLA,Area/113
POI/187276,PLA,Area/113
POI/187278,PLA,Area/113
POI/187755,PLA,Area/131
POI/187866,PLA,Area/131
POI/188205,PLA,Area/113
POI/188206,PLA,Area/113
POI/188207,PLA,Area/113
POI/188208,PLA,Area/113
POI/188210,PLA,Area/113
POI/188211,PLA,Area/113
POI/188215,PLA,Area/113
POI/188216,PLA,Area/113
POI/188218,PLA,Area/113
POI/188220,PLA,Area/113
POI/188221,PLA,Area/113
POI/188223,PLA,Area/113
POI/188224,PLA,Area/113
POI/188225,PLA,Area/113
POI/188226,PLA,Area/113
POI/188229,PLA,Area/113
POI/188230,PLA,Area/113
POI/188231,PLA,Area/113
POI/188232,PLA,Area/113
POI/188234,PLA,Area/113
POI/188235,PLA,Area/113
POI/188236,PLA,Area/113
POI/188237,PLA,Area/113
POI/188238,PLA,Area/113
POI/188239,PLA,Area/113
POI/188240,PLA,Area/113
POI/188241,PLA,Area/113
POI/188244,PLA,Area/113
POI/188245,PLA,Area/113
POI/188246,PLA,Area/113
POI/188247,PLA,Area/113
POI/188248,PLA,Area/113
POI/188249,PLA,Area/113
POI/188250,PLA,Area/113
POI/188252,PLA,Area/113
POI/188253,PLA,Area/113
POI/188254,PLA,Area/113
POI/188257,PLA,Area/113
POI/188259,PLA,Area/113
POI/188261,PLA,Area/113
POI/188262,PLA,Area/113
POI/188431,PLA,Area/131
POI/188623,PLA,Area/131
POI/188684,PLA,Area/113
POI/188685,PLA,Area/113
POI/188688,PLA,Area/113
POI/188689,PLA,Area/113
POI/188690,PLA,Area/113
POI/188691,PLA,Area/113
POI/188696,PLA,Area/113
POI/188703,PLA,Area/113
POI/188705,PLA,Area/113
POI/188711,PLA,Area/131
POI/188722,PLA,Area/79
POI/188723,PLA,Area/79
POI/188724,PLA,Area/79
POI/188726,PLA,Area/79
POI/188727,PLA,Area/79
POI/188728,PLA,Area/79
POI/188729,PLA,Area/79
POI/188730,PLA,Area/79
POI/188733,PLA,Area/79
POI/188734,PLA,Area/79
POI/188735,PLA,Area/79
POI/188736,PLA,Area/79
POI/188737,PLA,Area/79
POI/188738,PLA,Area/79
POI/188740,PLA,Area/79
POI/188741,PLA,Area/79
POI/188742,PLA,Area/79
POI/188743,PLA,Area/79
POI/188744,PLA,Area/79
POI/188745,PLA,Area/79
POI/188746,PLA,Area/79
POI/188748,PLA,Area/79
POI/188749,PLA,Area/79
POI/188750,PLA,Area/79
POI/188752,PLA,Area/79
POI/188753,PLA,Area/79
POI/188754,PLA,Area/79
POI/188756,PLA,Area/79
POI/188757,PLA,Area/79
POI/188758,PLA,Area/79
POI/188761,PLA,Area/79
POI/188762,PLA,Area/79
POI/188764,PLA,Area/79
POI/188765,PLA,Area/79
POI/188791,PLA,Area/131
POI/188802,PLA,Area/113
POI/188804,PLA,Area/113
POI/188805,PLA,Area/113
POI/188806,PLA,Area/113
POI/188807,PLA,Area/113
POI/188809,PLA,Area/113
POI/188810,PLA,Area/113
POI/188811,PLA,Area/113
POI/188812,PLA,Area/113
POI/188813,PLA,Area/113
POI/188814,PLA,Area/113
POI/188815,PLA,Area/113
POI/188816,PLA,Area/113
POI/188817,PLA,Area/113
POI/188818,PLA,Area/113
POI/188819,PLA,Area/113
POI/188820,PLA,Area/113
POI/188821,PLA,Area/113
POI/188822,PLA,Area/113
POI/188823,PLA,Area/113
POI/188824,PLA,Area/113
POI/188825,PLA,Area/113
POI/188826,PLA,Area/113
POI/188827,PLA,Area/113
POI/188828,PLA,Area/113
POI/188829,PLA,Area/113
POI/188830,PLA,Area/113
POI/188831,PLA,Area/113
POI/188832,PLA,Area/113
POI/188833,PLA,Area/113
POI/188834,PLA,Area/113
POI/188835,PLA,Area/113
POI/188836,PLA,Area/113
POI/188837,PLA,Area/113
POI/188838,PLA,Area/113
POI/188841,PLA,Area/113
POI/188843,PLA,Area/113
POI/188845,PLA,Area/113
POI/188846,PLA,Area/113
POI/188847,PLA,Area/113
POI/188848,PLA,Area/113
POI/188849,PLA,Area/113
POI/188850,PLA,Area/113
POI/188851,PLA,Area/113
POI/188852,PLA,Area/113
POI/188853,PLA,Area/113
POI/188854,PLA,Area/113
POI/188855,PLA,Area/113
POI/188856,PLA,Area/113
POI/188857,PLA,Area/113
POI/188860,PLA,Area/113
POI/188861,PLA,Area/113
POI/188862,PLA,Area/113
POI/188863,PLA,Area/113
POI/188864,PLA,Area/113
POI/188866,PLA,Area/113
POI/188867,PLA,Area/113
POI/188868,PLA,Area/113
POI/188869,PLA,Area/113
POI/188870,PLA,Area/113
POI/188871,PLA,Area/113
POI/188872,PLA,Area/113
POI/188873,PLA,Area/113
POI/188874,PLA,Area/113
POI/188875,PLA,Area/113
POI/188876,PLA,Area/113
POI/188877,PLA,Area/113
POI/188878,PLA,Area/113
POI/188879,PLA,Area/113
POI/188880,PLA,Area/113
POI/188881,PLA,Area/113
POI/188882,PLA,Area/113
POI/188883,PLA,Area/113
POI/188884,PLA,Area/113
POI/188885,PLA,Area/113
POI/188886,PLA,Area/113
POI/188887,PLA,Area/113
POI/188888,PLA,Area/113
POI/188889,PLA,Area/113
POI/188890,PLA,Area/113
POI/188891,PLA,Area/113
POI/188892,PLA,Area/113
POI/188893,PLA,Area/113
POI/188915,PLA,Area/131
POI/188916,PLA,Area/131
POI/189099,PLA,Area/131
POI/189100,PLA,Area/131
POI/189131,PLA,Area/131
POI/189208,PLA,Area/79
POI/189209,PLA,Area/79
POI/189210,PLA,Area/79
POI/189211,PLA,Area/79
POI/189212,PLA,Area/79
POI/189213,PLA,Area/79
POI/189214,PLA,Area/79
POI/189215,PLA,Area/79
POI/189216,PLA,Area/79
POI/189217,PLA,Area/79
POI/189218,PLA,Area/79
POI/189219,PLA,Area/79
POI/189220,PLA,Area/79
POI/189221,PLA,Area/79
POI/189222,PLA,Area/79
POI/189223,PLA,Area/79
POI/189224,PLA,Area/79
POI/189225,PLA,Area/79
POI/189226,PLA,Area/79
POI/189227,PLA,Area/79
POI/189228,PLA,Area/79
POI/189229,PLA,Area/79
POI/189230,PLA,Area/79
POI/189231,PLA,Area/79
POI/189232,PLA,Area/79
POI/189233,PLA,Area/79
POI/189234,PLA,Area/79
POI/189235,PLA,Area/79
POI/189236,PLA,Area/79
POI/189237,PLA,Area/79
POI/189238,PLA,Area/79
POI/189240,PLA,Area/79
POI/189241,PLA,Area/79
POI/189242,PLA,Area/79
POI/189244,PLA,Area/79
POI/189245,PLA,Area/79
POI/189247,PLA,Area/79
POI/189248,PLA,Area/79
POI/189249,PLA,Area/79
POI/189250,PLA,Area/79
POI/189251,PLA,Area/79
POI/189252,PLA,Area/79
POI/189253,PLA,Area/79
POI/189254,PLA,Area/79
POI/189255,PLA,Area/79
POI/189256,PLA,Area/79
POI/189257,PLA,Area/79
POI/189258,PLA,Area/79
POI/189260,PLA,Area/79
POI/189261,PLA,Area/79
POI/189262,PLA,Area/79
POI/189263,PLA,Area/79
POI/189264,PLA,Area/79
POI/189265,PLA,Area/79
POI/189266,PLA,Area/79
POI/189267,PLA,Area/79
POI/189268,PLA,Area/79
POI/189270,PLA,Area/79
POI/189271,PLA,Area/79
POI/189272,PLA,Area/79
POI/189273,PLA,Area/79
POI/189274,PLA,Area/79
POI/189275,PLA,Area/79
POI/189276,PLA,Area/79
POI/189277,PLA,Area/79
POI/189278,PLA,Area/79
POI/189279,PLA,Area/79
POI/189280,PLA,Area/79
POI/189281,PLA,Area/79
POI/189282,PLA,Area/79
POI/189283,PLA,Area/79
POI/189284,PLA,Area/79
POI/189286,PLA,Area/79
POI/189287,PLA,Area/79
POI/189289,PLA,Area/79
POI/189290,PLA,Area/79
POI/189291,PLA,Area/79
POI/189292,PLA,Area/79
POI/189295,PLA,Area/79
POI/189296,PLA,Area/79
POI/189300,PLA,Area/79
POI/189301,PLA,Area/79
POI/189303,PLA,Area/79
POI/189304,PLA,Area/79
POI/189305,PLA,Area/79
POI/189362,PLA,Area/211
POI/189617,PLA,Area/144
POI/189640,PLA,Area/144
POI/189768,PLA,Area/144
POI/189769,PLA,Area/144
POI/189782,PLA,Area/144
POI/189856,PLA,Area/131
POI/189857,PLA,Area/131
POI/189862,PLA,Area/131
POI/189865,PLA,Area/131
POI/193426,PLA,Area/61
POI/193450,PLA,Area/61
POI/193457,PLA,Area/61
POI/193460,PLA,Area/61
POI/193465,PLA,Area/61
POI/193472,PLA,Area/61
POI/193477,PLA,Area/61
POI/193484,PLA,Area/61
POI/193487,PLA,Area/61
POI/193488,PLA,Area/61
POI/193489,PLA,Area/61
POI/193490,PLA,Area/61
POI/193491,PLA,Area/61
POI/193492,PLA,Area/61
POI/193494,PLA,Area/61
POI/193505,PLA,Area/61
POI/193513,PLA,Area/61
POI/193515,PLA,Area/61
POI/193522,PLA,Area/61
POI/193523,PLA,Area/61
POI/193525,PLA,Area/61
POI/193526,PLA,Area/61
POI/193528,PLA,Area/61
POI/193533,PLA,Area/61
POI/193534,PLA,Area/61
POI/193536,PLA,Area/61
POI/193544,PLA,Area/61
POI/193546,PLA,Area/61
POI/193551,PLA,Area/61
POI/193552,PLA,Area/61
POI/193553,PLA,Area/61
POI/193559,PLA,Area/61
POI/193579,PLA,Area/61
POI/193588,PLA,Area/61
POI/193607,PLA,Area/61
POI/193608,PLA,Area/61
POI/193609,PLA,Area/61
POI/193613,PLA,Area/61
POI/193614,PLA,Area/61
POI/193615,PLA,Area/61
POI/193616,PLA,Area/61
POI/193618,PLA,Area/61
POI/193622,PLA,Area/61
POI/193623,PLA,Area/61
POI/193624,PLA,Area/61
POI/193641,PLA,Area/61
POI/193643,PLA,Area/61
POI/193666,PLA,Area/61
POI/193670,PLA,Area/61
POI/193742,PLA,Area/17
POI/193746,PLA,Area/17
POI/193749,PLA,Area/17
POI/193752,PLA,Area/17
POI/193753,PLA,Area/17
POI/193754,PLA,Area/17
POI/193755,PLA,Area/17
POI/193756,PLA,Area/17
POI/193757,PLA,Area/17
POI/193758,PLA,Area/17
POI/193759,PLA,Area/17
POI/193760,PLA,Area/17
POI/193790,PLA,Area/225
POI/193802,PLA,Area/17
POI/193803,PLA,Area/17
POI/193806,PLA,Area/17
POI/193808,PLA,Area/17
POI/193870,PLA,Area/225
POI/193897,PLA,Area/17
POI/193905,PLA,Area/17
POI/193908,PLA,Area/17
POI/193921,PLA,Area/225
POI/193937,PLA,Area/17
POI/194434,PLA,Area/225
POI/194435,PLA,Area/225
POI/194686,PLA,Area/225
POI/194690,PLA,Area/225
POI/194703,PLA,Area/61
POI/194704,PLA,Area/61
POI/194705,PLA,Area/61
POI/194706,PLA,Area/61
POI/194707,PLA,Area/61
POI/194758,PLA,Area/61
POI/194762,PLA,Area/61
POI/194763,PLA,Area/61
POI/194764,PLA,Area/61
POI/194765,PLA,Area/61
POI/194766,PLA,Area/61
POI/194767,PLA,Area/61
POI/194768,PLA,Area/61
POI/194769,PLA,Area/61
POI/194770,PLA,Area/61
POI/194771,PLA,Area/61
POI/194773,PLA,Area/61
POI/194775,PLA,Area/61
POI/194842,PLA,Area/61
POI/194848,PLA,Area/61
POI/194850,PLA,Area/61
POI/194852,PLA,Area/61
POI/194958,PLA,Area/61
POI/194960,PLA,Area/61
POI/194973,PLA,Area/61
POI/195574,PLA,Area/165
POI/195752,PLA,Area/148
POI/196068,PLA,Area/165
POI/196862,PLA,Area/123
POI/196901,PLA,Area/123
POI/197186,PLA,Area/181
POI/197362,PLA,Area/28
POI/199440,PLA,Area/189
POI/199839,PLA,Area/79
POI/199840,PLA,Area/79
POI/199841,PLA,Area/79
POI/199842,PLA,Area/79
POI/199843,PLA,Area/79
POI/199844,PLA,Area/79
POI/199845,PLA,Area/79
POI/199847,PLA,Area/79
POI/199848,PLA,Area/79
POI/199849,PLA,Area/79
POI/199850,PLA,Area/79
POI/199851,PLA,Area/79
POI/199852,PLA,Area/79
POI/199853,PLA,Area/79
POI/199854,PLA,Area/79
POI/199855,PLA,Area/79
POI/199856,PLA,Area/79
POI/199857,PLA,Area/79
POI/199858,PLA,Area/79
POI/199859,PLA,Area/79
POI/199860,PLA,Area/79
POI/199861,PLA,Area/79
POI/199862,PLA,Area/79
POI/199863,PLA,Area/79
POI/199864,PLA,Area/79
POI/199865,PLA,Area/79
POI/199866,PLA,Area/79
POI/199867,PLA,Area/79
POI/199868,PLA,Area/79
POI/199869,PLA,Area/79
POI/199870,PLA,Area/79
POI/199871,PLA,Area/79
POI/199872,PLA,Area/79
POI/199873,PLA,Area/79
POI/199874,PLA,Area/79
POI/199875,PLA,Area/79
POI/199876,PLA,Area/79
POI/199877,PLA,Area/79
POI/199879,PLA,Area/79
POI/199880,PLA,Area/79
POI/199881,PLA,Area/79
POI/199882,PLA,Area/79
POI/199883,PLA,Area/79
POI/199884,PLA,Area/79
POI/199885,PLA,Area/79
POI/199886,PLA,Area/79
POI/199887,PLA,Area/79
POI/199888,PLA,Area/79
POI/199889,PLA,Area/79
POI/199891,PLA,Area/79
POI/199892,PLA,Area/79
POI/199893,PLA,Area/79
POI/199894,PLA,Area/79
POI/199895,PLA,Area/79
POI/199896,PLA,Area/79
POI/199897,PLA,Area/79
POI/199898,PLA,Area/79
POI/199899,PLA,Area/79
POI/199900,PLA,Area/79
POI/199901,PLA,Area/79
POI/199902,PLA,Area/79
POI/199903,PLA,Area/79
POI/199904,PLA,Area/79
POI/199905,PLA,Area/79
POI/199906,PLA,Area/79
POI/199907,PLA,Area/79
POI/199908,PLA,Area/79
POI/199909,PLA,Area/79
POI/199910,PLA,Area/79
POI/199911,PLA,Area/79
POI/199912,PLA,Area/79
POI/199913,PLA,Area/79
POI/199914,PLA,Area/79
POI/199915,PLA,Area/79
POI/199916,PLA,Area/79
POI/199917,PLA,Area/79
POI/199918,PLA,Area/79
POI/199919,PLA,Area/79
POI/199920,PLA,Area/79
POI/199921,PLA,Area/79
POI/199922,PLA,Area/79
POI/199923,PLA,Area/79
POI/199924,PLA,Area/79
POI/199925,PLA,Area/79
POI/199926,PLA,Area/79
POI/199927,PLA,Area/79
POI/199928,PLA,Area/79
POI/199931,PLA,Area/79
POI/199932,PLA,Area/79
POI/199933,PLA,Area/79
POI/199935,PLA,Area/79
POI/199938,PLA,Area/79
POI/199939,PLA,Area/79
POI/199941,PLA,Area/79
POI/199942,PLA,Area/79
POI/199943,PLA,Area/79
POI/199944,PLA,Area/79
POI/199945,PLA,Area/79
POI/199946,PLA,Area/79
POI/199947,PLA,Area/79
POI/199948,PLA,Area/79
POI/199949,PLA,Area/79
POI/199950,PLA,Area/79
POI/199951,PLA,Area/79
POI/199952,PLA,Area/79
POI/199953,PLA,Area/79
POI/199954,PLA,Area/79
POI/199955,PLA,Area/79
POI/199956,PLA,Area/79
POI/199957,PLA,Area/79
POI/199958,PLA,Area/79
POI/199960,PLA,Area/79
POI/199961,PLA,Area/79
POI/199962,PLA,Area/79
POI/199963,PLA,Area/79
POI/199964,PLA,Area/79
POI/199965,PLA,Area/79
POI/199966,PLA,Area/79
POI/199967,PLA,Area/79
POI/199968,PLA,Area/79
POI/199969,PLA,Area/79
POI/199970,PLA,Area/79
POI/199971,PLA,Area/79
POI/199972,PLA,Area/79
POI/199973,PLA,Area/79
POI/199975,PLA,Area/79
POI/199976,PLA,Area/79
POI/199977,PLA,Area/79
POI/199978,PLA,Area/79
POI/199979,PLA,Area/79
POI/199980,PLA,Area/79
POI/199981,PLA,Area/79
POI/199982,PLA,Area/79
POI/199983,PLA,Area/79
POI/199984,PLA,Area/79
POI/199985,PLA,Area/79
POI/199986,PLA,Area/79
POI/199987,PLA,Area/79
POI/199988,PLA,Area/79
POI/199989,PLA,Area/79
POI/199990,PLA,Area/79
POI/199991,PLA,Area/79
POI/199992,PLA,Area/79
POI/199993,PLA,Area/79
POI/199994,PLA,Area/79
POI/199995,PLA,Area/79
POI/199996,PLA,Area/79
POI/199997,PLA,Area/79
POI/199998,PLA,Area/79
POI/199999,PLA,Area/79
POI/200000,PLA,Area/79
POI/200001,PLA,Area/79
POI/200002,PLA,Area/79
POI/200003,PLA,Area/79
POI/200004,PLA,Area/79
POI/200005,PLA,Area/79
POI/200006,PLA,Area/79
POI/200007,PLA,Area/79
POI/200008,PLA,Area/79
POI/200009,PLA,Area/79
POI/200010,PLA,Area/79
POI/200011,PLA,Area/79
POI/200012,PLA,Area/79
POI/200014,PLA,Area/79
POI/200016,PLA,Area/79
POI/200017,PLA,Area/79
POI/200019,PLA,Area/79
POI/200020,PLA,Area/79
POI/200021,PLA,Area/79
POI/200022,PLA,Area/79
POI/200023,PLA,Area/79
POI/200024,PLA,Area/79
POI/200025,PLA,Area/79
POI/200026,PLA,Area/79
POI/200027,PLA,Area/79
POI/200028,PLA,Area/79
POI/200029,PLA,Area/79
POI/200030,PLA,Area/79
POI/200031,PLA,Area/79
POI/200032,PLA,Area/79
POI/200033,PLA,Area/79
POI/200034,PLA,Area/79
POI/200035,PLA,Area/79
POI/200036,PLA,Area/79
POI/200037,PLA,Area/79
POI/200038,PLA,Area/79
POI/200039,PLA,Area/79
POI/200040,PLA,Area/79
POI/200041,PLA,Area/79
POI/200042,PLA,Area/79
POI/200043,PLA,Area/79
POI/200044,PLA,Area/79
POI/200045,PLA,Area/79
POI/200046,PLA,Area/79
POI/200047,PLA,Area/79
POI/200048,PLA,Area/79
POI/200049,PLA,Area/79
POI/200050,PLA,Area/79
POI/200051,PLA,Area/79
POI/200052,PLA,Area/79
POI/200053,PLA,Area/79
POI/200054,PLA,Area/79
POI/200055,PLA,Area/79
POI/200056,PLA,Area/79
POI/200057,PLA,Area/79
POI/200058,PLA,Area/79
POI/200059,PLA,Area/79
POI/200060,PLA,Area/79
POI/200061,PLA,Area/79
POI/200062,PLA,Area/79
POI/200063,PLA,Area/79
POI/200064,PLA,Area/79
POI/200065,PLA,Area/79
POI/200066,PLA,Area/79
POI/200067,PLA,Area/79
POI/200068,PLA,Area/79
POI/200069,PLA,Area/79
POI/200070,PLA,Area/79
POI/200071,PLA,Area/79
POI/200072,PLA,Area/79
POI/200073,PLA,Area/79
POI/200074,PLA,Area/79
POI/200075,PLA,Area/79
POI/200076,PLA,Area/79
POI/200077,PLA,Area/79
POI/200078,PLA,Area/79
POI/200079,PLA,Area/79
POI/200080,PLA,Area/79
POI/200081,PLA,Area/79
POI/200082,PLA,Area/79
POI/200083,PLA,Area/79
POI/200084,PLA,Area/79
POI/200085,PLA,Area/79
POI/200086,PLA,Area/79
POI/200087,PLA,Area/79
POI/200089,PLA,Area/79
POI/200091,PLA,Area/79
POI/200092,PLA,Area/79
POI/200093,PLA,Area/79
POI/200094,PLA,Area/79
POI/200095,PLA,Area/79
POI/200096,PLA,Area/79
POI/200097,PLA,Area/79
POI/200098,PLA,Area/79
POI/200099,PLA,Area/79
POI/200100,PLA,Area/79
POI/200101,PLA,Area/79
POI/200102,PLA,Area/79
POI/200103,PLA,Area/79
POI/200104,PLA,Area/79
POI/200105,PLA,Area/79
POI/200106,PLA,Area/79
POI/200107,PLA,Area/79
POI/200108,PLA,Area/79
POI/200109,PLA,Area/79
POI/200110,PLA,Area/79
POI/200111,PLA,Area/79
POI/200112,PLA,Area/79
POI/200113,PLA,Area/79
POI/200114,PLA,Area/79
POI/200115,PLA,Area/79
POI/200116,PLA,Area/79
POI/200117,PLA,Area/79
POI/200118,PLA,Area/79
POI/200120,PLA,Area/79
POI/200121,PLA,Area/79
POI/200126,PLA,Area/79
POI/200129,PLA,Area/79
POI/200131,PLA,Area/79
POI/200132,PLA,Area/79
POI/200139,PLA,Area/79
POI/200141,PLA,Area/79
POI/200144,PLA,Area/79
POI/200232,PLA,Area/170
POI/200235,PLA,Area/170
POI/200288,PLA,Area/137
POI/200373,PLA,Area/234
POI/200375,PLA,Area/234
POI/200502,PLA,Area/90
POI/200510,PLA,Area/186
POI/202165,PLA,Area/25
POI/202252,PLA,Area/25
POI/202348,PLA,Area/25
POI/202359,PLA,Area/25
POI/202423,PLA,Area/65
POI/202424,PLA,Area/65
POI/202469,PLA,Area/79
POI/202470,PLA,Area/79
POI/202473,PLA,Area/79
POI/202474,PLA,Area/79
POI/202475,PLA,Area/79
POI/202476,PLA,Area/79
POI/202477,PLA,Area/79
POI/202478,PLA,Area/79
POI/202479,PLA,Area/79
POI/202480,PLA,Area/79
POI/202481,PLA,Area/79
POI/202482,PLA,Area/79
POI/202483,PLA,Area/79
POI/202516,PLA,Area/114
POI/202837,PLA,Area/25
POI/202838,PLA,Area/25
POI/203015,PLA,Area/40
POI/203145,PLA,Area/181
POI/203224,PLA,Area/181
POI/203707,PLA,Area/114
POI/203741,PLA,Area/114
POI/203743,PLA,Area/114
POI/203747,PLA,Area/249
POI/203764,PLA,Area/249
POI/203767,PLA,Area/181
POI/204657,PLA,Area/181
POI/204661,PLA,Area/181
POI/205038,PLA,Area/25
POI/205348,PLA,Area/25
POI/205651,PLA,Area/113
POI/205655,PLA,Area/113
POI/205656,PLA,Area/113
POI/205702,PLA,Area/113
POI/205704,PLA,Area/113
POI/206544,PLA,Area/195
POI/207562,PLA,Area/228
POI/207767,PLA,Area/228
POI/209313,PLA,Area/131
POI/209328,PLA,Area/131
POI/209335,PLA,Area/131
POI/209338,PLA,Area/131
POI/209353,PLA,Area/131
POI/209355,PLA,Area/131
POI/209445,PLA,Area/131
POI/209448,PLA,Area/28
POI/209449,PLA,Area/131
POI/209522,PLA,Area/131
POI/209593,PLA,Area/130
POI/209602,PLA,Area/130
POI/209610,PLA,Area/130
POI/212734,PLA,Area/61
POI/212735,PLA,Area/61
POI/212830,PLA,Area/61
POI/212831,PLA,Area/61
POI/212832,PLA,Area/61
POI/212833,PLA,Area/61
POI/212834,PLA,Area/61
POI/212835,PLA,Area/61
POI/212836,PLA,Area/61
POI/212837,PLA,Area/61
POI/212839,PLA,Area/61
POI/212840,PLA,Area/61
POI/212853,PLA,Area/61
POI/212929,PLA,Area/17
POI/213020,PLA,Area/17
POI/213022,PLA,Area/17
POI/213024,PLA,Area/17
POI/213027,PLA,Area/17
POI/213028,PLA,Area/17
POI/213039,PLA,Area/17
POI/213070,PLA,Area/17
POI/213078,PLA,Area/17
POI/213079,PLA,Area/17
POI/213089,PLA,Area/17
POI/213096,PLA,Area/17
POI/213097,PLA,Area/17
POI/213098,PLA,Area/17
POI/213099,PLA,Area/17
POI/213100,PLA,Area/17
POI/213101,PLA,Area/17
POI/213105,PLA,Area/17
POI/213106,PLA,Area/17
POI/213107,PLA,Area/17
POI/213109,PLA,Area/17
POI/213117,PLA,Area/17
POI/213120,PLA,Area/17
POI/213121,PLA,Area/17
POI/213124,PLA,Area/17
POI/213157,PLA,Area/17
POI/213180,PLA,Area/17
POI/213197,PLA,Area/17
POI/213210,PLA,Area/17
POI/213211,PLA,Area/17
POI/213214,PLA,Area/17
POI/213215,PLA,Area/17
POI/213223,PLA,Area/17
POI/213224,PLA,Area/17
POI/213226,PLA,Area/17
POI/213229,PLA,Area/17
POI/213407,PLA,Area/17
POI/213410,PLA,Area/17
POI/213417,PLA,Area/17
POI/213420,PLA,Area/17
POI/213423,PLA,Area/17
POI/213445,PLA,Area/17
POI/213481,PLA,Area/61
POI/213483,PLA,Area/61
POI/213486,PLA,Area/61
POI/213499,PLA,Area/61
POI/213502,PLA,Area/61
POI/213506,PLA,Area/61
POI/213510,PLA,Area/61
POI/213514,PLA,Area/61
POI/213516,PLA,Area/61
POI/213517,PLA,Area/61
POI/213518,PLA,Area/61
POI/213520,PLA,Area/61
POI/213524,PLA,Area/61
POI/213527,PLA,Area/61
POI/213537,PLA,Area/61
POI/213538,PLA,Area/61
POI/213541,PLA,Area/61
POI/213545,PLA,Area/61
POI/213552,PLA,Area/61
POI/213554,PLA,Area/61
POI/213556,PLA,Area/61
POI/213563,PLA,Area/61
POI/213565,PLA,Area/61
POI/213574,PLA,Area/61
POI/213588,PLA,Area/61
POI/213591,PLA,Area/61
POI/213597,PLA,Area/61
POI/213600,PLA,Area/61
POI/213608,PLA,Area/61
POI/213613,PLA,Area/61
POI/213614,PLA,Area/61
POI/213615,PLA,Area/61
POI/213618,PLA,Area/61
POI/213619,PLA,Area/61
POI/213622,PLA,Area/61
POI/213623,PLA,Area/61
POI/213626,PLA,Area/61
POI/213629,PLA,Area/61
POI/213631,PLA,Area/61
POI/213637,PLA,Area/61
POI/213647,PLA,Area/61
POI/213663,PLA,Area/49
POI/213664,PLA,Area/49
POI/213665,PLA,Area/49
POI/213666,PLA,Area/49
POI/213667,PLA,Area/49
POI/213668,PLA,Area/49
POI/213676,PLA,Area/49
POI/213687,PLA,Area/49
POI/213688,PLA,Area/49
POI/213692,PLA,Area/49
POI/213706,PLA,Area/49
POI/213707,PLA,Area/49
POI/213708,PLA,Area/49
POI/213726,PLA,Area/49
POI/213732,PLA,Area/49
POI/213735,PLA,Area/49
POI/213736,PLA,Area/49
POI/213753,PLA,Area/49
POI/213798,PLA,Area/49
POI/213800,PLA,Area/49
POI/213807,PLA,Area/49
POI/213819,PLA,Area/61
POI/213822,PLA,Area/49
POI/213823,PLA,Area/49
POI/213844,PLA,Area/49
POI/213854,PLA,Area/49
POI/213855,PLA,Area/49
POI/213885,PLA,Area/49
POI/213886,PLA,Area/49
POI/213888,PLA,Area/49
POI/213889,PLA,Area/49
POI/213892,PLA,Area/49
POI/213894,PLA,Area/49
POI/213895,PLA,Area/49
POI/213896,PLA,Area/49
POI/213898,PLA,Area/49
POI/213905,PLA,Area/49
POI/213909,PLA,Area/49
POI/213912,PLA,Area/49
POI/213931,PLA,Area/49
POI/213932,PLA,Area/49
POI/213933,PLA,Area/49
POI/213934,PLA,Area/49
POI/213935,PLA,Area/49
POI/213936,PLA,Area/49
POI/213937,PLA,Area/49
POI/213941,PLA,Area/49
POI/213943,PLA,Area/49
POI/213974,PLA,Area/49
POI/213980,PLA,Area/49
POI/213999,PLA,Area/49
POI/214010,PLA,Area/49
POI/214012,PLA,Area/49
POI/214030,PLA,Area/49
POI/214041,PLA,Area/49
POI/214044,PLA,Area/49
POI/214060,PLA,Area/49
POI/214064,PLA,Area/97
POI/214065,PLA,Area/97
POI/214084,PLA,Area/97
POI/214085,PLA,Area/97
POI/214086,PLA,Area/97
POI/214087,PLA,Area/97
POI/214088,PLA,Area/97
POI/214089,PLA,Area/97
POI/214090,PLA,Area/97
POI/214091,PLA,Area/97
POI/214092,PLA,Area/97
POI/214093,PLA,Area/97
POI/214098,PLA,Area/97
POI/214115,PLA,Area/97
POI/214116,PLA,Area/97
POI/214117,PLA,Area/97
POI/214118,PLA,Area/97
POI/214119,PLA,Area/97
POI/214127,PLA,Area/97
POI/214128,PLA,Area/97
POI/214129,PLA,Area/97
POI/214130,PLA,Area/97
POI/214131,PLA,Area/97
POI/214132,PLA,Area/97
POI/214133,PLA,Area/97
POI/214134,PLA,Area/97
POI/214135,PLA,Area/97
POI/214136,PLA,Area/97
POI/214137,PLA,Area/97
POI/214138,PLA,Area/97
POI/215848,PLA,Area/181
POI/216418,PLA,Area/181
POI/216422,PLA,Area/181
POI/216426,PLA,Area/181
POI/216839,PLA,Area/181
POI/217015,PLA,Area/181
POI/217018,PLA,Area/181
POI/217021,PLA,Area/181
POI/217024,PLA,Area/181
POI/217025,PLA,Area/181
POI/217028,PLA,Area/181
POI/217031,PLA,Area/181
POI/217033,PLA,Area/181
POI/217036,PLA,Area/181
POI/217039,PLA,Area/181
POI/217041,PLA,Area/181
POI/217062,PLA,Area/181
POI/217063,PLA,Area/181
POI/217065,PLA,Area/181
POI/217067,PLA,Area/181
POI/217069,PLA,Area/181
POI/229352,PLA,Area/79
POI/229353,PLA,Area/79
POI/229354,PLA,Area/79
POI/229355,PLA,Area/79
POI/229356,PLA,Area/79
POI/229357,PLA,Area/79
POI/229358,PLA,Area/79
POI/229359,PLA,Area/79
POI/229360,PLA,Area/79
POI/229361,PLA,Area/79
POI/229362,PLA,Area/79
POI/229363,PLA,Area/79
POI/229364,PLA,Area/79
POI/229365,PLA,Area/79
POI/229366,PLA,Area/79
POI/229367,PLA,Area/79
POI/229368,PLA,Area/79
POI/229369,PLA,Area/79
POI/229370,PLA,Area/79
POI/229371,PLA,Area/79
POI/229372,PLA,Area/79
POI/229373,PLA,Area/79
POI/229374,PLA,Area/79
POI/229375,PLA,Area/79
POI/229376,PLA,Area/79
POI/229377,PLA,Area/79
POI/229378,PLA,Area/79
POI/229379,PLA,Area/79
POI/229380,PLA,Area/79
POI/229381,PLA,Area/79
POI/229382,PLA,Area/79
POI/229383,PLA,Area/79
POI/229384,PLA,Area/79
POI/229385,PLA,Area/79
POI/229386,PLA,Area/79
POI/229387,PLA,Area/79
POI/229389,PLA,Area/79
POI/229392,PLA,Area/79
POI/229394,PLA,Area/79
POI/229395,PLA,Area/79
POI/229933,PLA,Area/28
POI/229935,PLA,Area/79
POI/229938,PLA,Area/79
POI/229947,PLA,Area/79
POI/229950,PLA,Area/79
POI/229979,PLA,Area/28
POI/230063,PLA,Area/28
POI/230107,PLA,Area/28
POI/230119,PLA,Area/28
POI/230122,PLA,Area/28
POI/230136,PLA,Area/28
POI/230138,PLA,Area/28
POI/230144,PLA,Area/28
POI/230175,PLA,Area/28
POI/230207,PLA,Area/28
POI/230219,PLA,Area/28
POI/230421,PLA,Area/28
POI/230823,PLA,Area/28
POI/230832,PLA,Area/28
POI/230833,PLA,Area/28
POI/230834,PLA,Area/28
POI/230835,PLA,Area/28
POI/230900,PLA,Area/28
POI/236416,PLA,Area/28
POI/236428,PLA,Area/28
POI/236485,PLA,Area/28
POI/236514,PLA,Area/28
POI/236645,PLA,Area/130
POI/238488,PLA,Area/28
POI/238662,PLA,Area/28
POI/238681,PLA,Area/28
POI/242910,PLA,Area/121
POI/244649,PLA,Area/121
POI/261512,PLA,Area/135
POI/261547,PLA,Area/135
POI/263611,PLA,Area/55
POI/263613,PLA,Area/55
POI/266362,PLA,Area/55
POI/267577,PLA,Area/135
POI/267864,PLA,Area/135
POI/271424,PLA,Area/55
POI/271430,PLA,Area/55
POI/271432,PLA,Area/55
POI/271437,PLA,Area/55
POI/271439,PLA,Area/55
POI/271442,PLA,Area/55
POI/271445,PLA,Area/55
POI/271450,PLA,Area/55
POI/271454,PLA,Area/55
POI/271461,PLA,Area/55
POI/271590,PLA,Area/55
POI/271619,PLA,Area/55
POI/271622,PLA,Area/55
POI/271623,PLA,Area/55
POI/271624,PLA,Area/55
POI/271625,PLA,Area/55
POI/271665,PLA,Area/55
POI/271666,PLA,Area/55
POI/271667,PLA,Area/55
POI/271675,PLA,Area/55
POI/271676,PLA,Area/55
POI/271677,PLA,Area/55
POI/271678,PLA,Area/55
POI/271679,PLA,Area/55
POI/271680,PLA,Area/55
POI/271681,PLA,Area/55
POI/271682,PLA,Area/55
POI/271923,PLA,Area/55
POI/271924,PLA,Area/55
POI/271925,PLA,Area/55
POI/271926,PLA,Area/55
POI/271927,PLA,Area/55
POI/271928,PLA,Area/55
POI/271929,PLA,Area/55
POI/271930,PLA,Area/55
POI/271931,PLA,Area/55
POI/271933,PLA,Area/55
POI/271948,PLA,Area/55
POI/271949,PLA,Area/55
POI/271950,PLA,Area/55
POI/272320,PLA,Area/55
POI/272336,PLA,Area/55
POI/272338,PLA,Area/55
POI/272339,PLA,Area/55
POI/272340,PLA,Area/55
POI/272345,PLA,Area/55
POI/272423,PLA,Area/14
POI/272663,PLA,Area/55
POI/272671,PLA,Area/55
POI/272689,PLA,Area/55
POI/272691,PLA,Area/55
POI/272692,PLA,Area/55
POI/272694,PLA,Area/55
POI/272706,PLA,Area/55
POI/273216,PLA,Area/55
POI/273217,PLA,Area/55
POI/273218,PLA,Area/55
POI/273219,PLA,Area/55
POI/273220,PLA,Area/55
POI/273869,PLA,Area/55
POI/273880,PLA,Area/55
POI/274507,PLA,Area/55
POI/274509,PLA,Area/55
POI/274511,PLA,Area/55
POI/274531,PLA,Area/55
POI/274540,PLA,Area/55
POI/274545,PLA,Area/55
POI/274553,PLA,Area/55
POI/274667,PLA,Area/55
POI/274671,PLA,Area/55
POI/274678,PLA,Area/55
POI/274680,PLA,Area/55
POI/274681,PLA,Area/55
POI/275967,PLA,Area/55
POI/275972,PLA,Area/55
POI/275974,PLA,Area/55
POI/275978,PLA,Area/55
POI/275981,PLA,Area/55
POI/275988,PLA,Area/55
POI/275989,PLA,Area/55
POI/275990,PLA,Area/55
POI/275991,PLA,Area/55
POI/276008,PLA,Area/55
POI/276012,PLA,Area/55
POI/276897,PLA,Area/55
POI/276900,PLA,Area/55
POI/276902,PLA,Area/55
POI/277192,PLA,Area/55
POI/277221,PLA,Area/55
POI/277222,PLA,Area/55
POI/277234,PLA,Area/55
POI/277612,PLA,Area/55
POI/277623,PLA,Area/55
POI/277625,PLA,Area/55
POI/277710,PLA,Area/55
POI/277711,PLA,Area/55
POI/278350,PLA,Area/14
POI/278351,PLA,Area/14
POI/278352,PLA,Area/14
POI/278355,PLA,Area/14
POI/278358,PLA,Area/14
POI/278360,PLA,Area/14
POI/278363,PLA,Area/14
POI/278366,PLA,Area/14
POI/278367,PLA,Area/14
POI/278503,PLA,Area/14
POI/278505,PLA,Area/14
POI/279783,PLA,Area/14
POI/279788,PLA,Area/14
POI/280214,PLA,Area/55
POI/280216,PLA,Area/55
POI/280217,PLA,Area/55
POI/280219,PLA,Area/55
POI/280220,PLA,Area/55
POI/280221,PLA,Area/55
POI/280223,PLA,Area/55
POI/280225,PLA,Area/55
POI/280228,PLA,Area/55
POI/280240,PLA,Area/55
POI/280241,PLA,Area/55
POI/280243,PLA,Area/55
POI/280257,PLA,Area/55
POI/280260,PLA,Area/55
POI/280262,PLA,Area/55
POI/280263,PLA,Area/55
POI/280264,PLA,Area/55
POI/280265,PLA,Area/55
POI/280266,PLA,Area/55
POI/280267,PLA,Area/55
POI/280268,PLA,Area/55
POI/280269,PLA,Area/55
POI/280280,PLA,Area/55
POI/280291,PLA,Area/55
POI/280309,PLA,Area/55
POI/280329,PLA,Area/55
POI/280340,PLA,Area/55
POI/280342,PLA,Area/55
POI/280349,PLA,Area/55
POI/280358,PLA,Area/55
POI/280365,PLA,Area/55
POI/280367,PLA,Area/55
POI/280371,PLA,Area/55
POI/280374,PLA,Area/55
POI/280375,PLA,Area/55
POI/280390,PLA,Area/55
POI/280392,PLA,Area/55
POI/280393,PLA,Area/55
POI/280396,PLA,Area/55
POI/280400,PLA,Area/55
POI/280401,PLA,Area/55
POI/280404,PLA,Area/55
POI/280405,PLA,Area/55
POI/280414,PLA,Area/55
POI/280506,PLA,Area/55
POI/280595,PLA,Area/55
POI/280603,PLA,Area/55
POI/280613,PLA,Area/55
POI/280620,PLA,Area/55
POI/280627,PLA,Area/55
POI/280632,PLA,Area/55
POI/280642,PLA,Area/55
POI/280653,PLA,Area/55
POI/280708,PLA,Area/55
POI/280712,PLA,Area/55
POI/280731,PLA,Area/55
POI/280786,PLA,Area/55
POI/280795,PLA,Area/55
POI/280796,PLA,Area/55
POI/280798,PLA,Area/55
POI/280803,PLA,Area/55
POI/280805,PLA,Area/55
POI/280818,PLA,Area/55
POI/280825,PLA,Area/55
POI/281875,PLA,Area/55
POI/281877,PLA,Area/55
POI/281878,PLA,Area/55
POI/281880,PLA,Area/55
POI/281881,PLA,Area/55
POI/281882,PLA,Area/55
POI/281888,PLA,Area/55
POI/281889,PLA,Area/55
POI/281890,PLA,Area/55
POI/281891,PLA,Area/55
POI/281904,PLA,Area/14
POI/281908,PLA,Area/14
POI/282071,PLA,Area/14
POI/282837,PLA,Area/55
POI/282838,PLA,Area/55
POI/282844,PLA,Area/55
POI/283835,PLA,Area/55
POI/284272,PLA,Area/55
POI/284273,PLA,Area/55
POI/284317,PLA,Area/55
POI/285027,PLA,Area/14
POI/285146,PLA,Area/29
POI/285147,PLA,Area/29
POI/285149,PLA,Area/29
POI/285151,PLA,Area/29
POI/285152,PLA,Area/29
POI/285154,PLA,Area/29
POI/285157,PLA,Area/29
POI/285159,PLA,Area/29
POI/285180,PLA,Area/29
POI/285182,PLA,Area/29
POI/285184,PLA,Area/29
POI/285186,PLA,Area/29
POI/285187,PLA,Area/29
POI/285188,PLA,Area/29
POI/285189,PLA,Area/29
POI/285190,PLA,Area/29
POI/285192,PLA,Area/29
POI/285194,PLA,Area/29
POI/285195,PLA,Area/29
POI/285196,PLA,Area/29
POI/285197,PLA,Area/29
POI/285198,PLA,Area/29
POI/285199,PLA,Area/29
POI/285200,PLA,Area/29
POI/285201,PLA,Area/29
POI/285202,PLA,Area/29
POI/285209,PLA,Area/29
POI/285210,PLA,Area/29
POI/285213,PLA,Area/29
POI/285219,PLA,Area/29
POI/285223,PLA,Area/29
POI/285225,PLA,Area/29
POI/285228,PLA,Area/29
POI/285229,PLA,Area/29
POI/285234,PLA,Area/29
POI/285254,PLA,Area/29
POI/285261,PLA,Area/29
POI/285264,PLA,Area/29
POI/285268,PLA,Area/29
POI/285269,PLA,Area/29
POI/285270,PLA,Area/29
POI/285271,PLA,Area/29
POI/285273,PLA,Area/29
POI/285274,PLA,Area/29
POI/285275,PLA,Area/29
POI/285279,PLA,Area/29
POI/285281,PLA,Area/29
POI/285282,PLA,Area/29
POI/285283,PLA,Area/29
POI/285284,PLA,Area/29
POI/285285,PLA,Area/29
POI/285286,PLA,Area/29
POI/285296,PLA,Area/29
POI/285297,PLA,Area/29
POI/285298,PLA,Area/29
POI/285306,PLA,Area/29
POI/285307,PLA,Area/29
POI/285309,PLA,Area/29
POI/285314,PLA,Area/29
POI/285352,PLA,Area/29
POI/285355,PLA,Area/29
POI/285357,PLA,Area/29
POI/285362,PLA,Area/29
POI/285365,PLA,Area/29
POI/285368,PLA,Area/29
POI/285380,PLA,Area/29
POI/285384,PLA,Area/29
POI/285392,PLA,Area/29
POI/285399,PLA,Area/29
POI/285401,PLA,Area/29
POI/285490,PLA,Area/29
POI/285502,PLA,Area/29
POI/285503,PLA,Area/29
POI/285504,PLA,Area/29
POI/285505,PLA,Area/29
POI/285507,PLA,Area/29
POI/285508,PLA,Area/29
POI/285509,PLA,Area/29
POI/285510,PLA,Area/29
POI/285511,PLA,Area/29
POI/285530,PLA,Area/29
POI/285531,PLA,Area/29
POI/285535,PLA,Area/29
POI/285537,PLA,Area/29
POI/285541,PLA,Area/29
POI/285546,PLA,Area/29
POI/285547,PLA,Area/29
POI/285548,PLA,Area/29
POI/285549,PLA,Area/29
POI/285555,PLA,Area/29
POI/285560,PLA,Area/29
POI/285561,PLA,Area/29
POI/285562,PLA,Area/29
POI/285564,PLA,Area/29
POI/285566,PLA,Area/29
POI/285568,PLA,Area/29
POI/285572,PLA,Area/29
POI/285573,PLA,Area/29
POI/285584,PLA,Area/29
POI/285644,PLA,Area/29
POI/285645,PLA,Area/29
POI/285646,PLA,Area/29
POI/285647,PLA,Area/29
POI/285648,PLA,Area/29
POI/285649,PLA,Area/29
POI/285650,PLA,Area/29
POI/285651,PLA,Area/29
POI/285652,PLA,Area/29
POI/285653,PLA,Area/29
POI/285654,PLA,Area/29
POI/285655,PLA,Area/29
POI/285656,PLA,Area/29
POI/285657,PLA,Area/29
POI/285658,PLA,Area/29
POI/285659,PLA,Area/29
POI/285660,PLA,Area/29
POI/285661,PLA,Area/29
POI/285662,PLA,Area/29
POI/285663,PLA,Area/29
POI/286221,PLA,Area/29
POI/286235,PLA,Area/29
POI/286239,PLA,Area/29
POI/286240,PLA,Area/29
POI/286246,PLA,Area/29
POI/286256,PLA,Area/29
POI/286265,PLA,Area/29
POI/286266,PLA,Area/29
POI/286270,PLA,Area/29
POI/286276,PLA,Area/29
POI/286284,PLA,Area/29
POI/286285,PLA,Area/29
POI/286287,PLA,Area/29
POI/286295,PLA,Area/29
POI/286298,PLA,Area/29
POI/286302,PLA,Area/29
POI/286307,PLA,Area/29
POI/286313,PLA,Area/29
POI/286323,PLA,Area/29
POI/286341,PLA,Area/29
POI/286343,PLA,Area/29
POI/286345,PLA,Area/29
POI/286347,PLA,Area/29
POI/286348,PLA,Area/29
POI/286350,PLA,Area/29
POI/286351,PLA,Area/29
POI/286352,PLA,Area/29
POI/286354,PLA,Area/29
POI/286356,PLA,Area/29
POI/286358,PLA,Area/29
POI/286362,PLA,Area/29
POI/286367,PLA,Area/29
POI/286369,PLA,Area/29
POI/286371,PLA,Area/29
POI/286377,PLA,Area/29
POI/286378,PLA,Area/29
POI/286379,PLA,Area/29
POI/286380,PLA,Area/29
POI/286381,PLA,Area/29
POI/286382,PLA,Area/29
POI/286425,PLA,Area/29
POI/286433,PLA,Area/29
POI/286443,PLA,Area/29
POI/286445,PLA,Area/29
POI/286457,PLA,Area/29
POI/286908,PLA,Area/29
POI/286914,PLA,Area/29
POI/286915,PLA,Area/29
POI/286916,PLA,Area/29
POI/286918,PLA,Area/29
POI/286919,PLA,Area/29
POI/286920,PLA,Area/29
POI/286921,PLA,Area/29
POI/286923,PLA,Area/29
POI/286924,PLA,Area/29
POI/286925,PLA,Area/29
POI/286928,PLA,Area/29
POI/286929,PLA,Area/29
POI/286936,PLA,Area/29
POI/286937,PLA,Area/29
POI/286938,PLA,Area/29
POI/286940,PLA,Area/29
POI/286944,PLA,Area/29
POI/286946,PLA,Area/29
POI/286948,PLA,Area/29
POI/286954,PLA,Area/29
POI/286958,PLA,Area/29
POI/286959,PLA,Area/29
POI/286966,PLA,Area/29
POI/286968,PLA,Area/29
POI/286969,PLA,Area/29
POI/286978,PLA,Area/29
POI/286982,PLA,Area/29
POI/286985,PLA,Area/29
POI/286987,PLA,Area/29
POI/286992,PLA,Area/29
POI/287005,PLA,Area/29
POI/287008,PLA,Area/29
POI/287024,PLA,Area/29
POI/287050,PLA,Area/29
POI/287059,PLA,Area/29
POI/287063,PLA,Area/29
POI/287065,PLA,Area/29
POI/287070,PLA,Area/29
POI/287073,PLA,Area/29
POI/287074,PLA,Area/29
POI/287075,PLA,Area/29
POI/287076,PLA,Area/29
POI/287077,PLA,Area/29
POI/287109,PLA,Area/29
POI/287131,PLA,Area/29
POI/287143,PLA,Area/29
POI/287146,PLA,Area/29
POI/287152,PLA,Area/29
POI/287153,PLA,Area/29
POI/287157,PLA,Area/29
POI/287158,PLA,Area/29
POI/287160,PLA,Area/29
POI/287165,PLA,Area/29
POI/287166,PLA,Area/29
POI/287168,PLA,Area/29
POI/287177,PLA,Area/29
POI/287180,PLA,Area/29
POI/287186,PLA,Area/29
POI/287189,PLA,Area/29
POI/287190,PLA,Area/29
POI/287213,PLA,Area/29
POI/287233,PLA,Area/29
POI/287247,PLA,Area/29
POI/288171,PLA,Area/29
POI/288172,PLA,Area/29
POI/288173,PLA,Area/29
POI/288174,PLA,Area/29
POI/288175,PLA,Area/29
POI/288176,PLA,Area/29
POI/288177,PLA,Area/29
POI/288178,PLA,Area/29
POI/288179,PLA,Area/29
POI/288180,PLA,Area/29
POI/288187,PLA,Area/29
POI/288188,PLA,Area/29
POI/288189,PLA,Area/29
POI/288190,PLA,Area/29
POI/288191,PLA,Area/29
POI/288192,PLA,Area/29
POI/288193,PLA,Area/29
POI/288194,PLA,Area/29
POI/288195,PLA,Area/29
POI/288196,PLA,Area/29
POI/288197,PLA,Area/29
POI/288198,PLA,Area/29
POI/288202,PLA,Area/29
POI/288203,PLA,Area/29
POI/288204,PLA,Area/29
POI/288205,PLA,Area/29
POI/288207,PLA,Area/29
POI/288208,PLA,Area/29
POI/288209,PLA,Area/29
POI/288451,PLA,Area/14
POI/288452,PLA,Area/14
POI/288454,PLA,Area/14
POI/288455,PLA,Area/14
POI/288456,PLA,Area/14
POI/288521,PLA,Area/14
POI/288528,PLA,Area/14
POI/288535,PLA,Area/14
POI/288560,PLA,Area/29
POI/288561,PLA,Area/29
POI/288563,PLA,Area/29
POI/288564,PLA,Area/29
POI/288565,PLA,Area/29
POI/288566,PLA,Area/29
POI/288567,PLA,Area/29
POI/288569,PLA,Area/29
POI/288574,PLA,Area/29
POI/288583,PLA,Area/29
POI/288587,PLA,Area/29
POI/288590,PLA,Area/29
POI/288592,PLA,Area/29
POI/288595,PLA,Area/29
POI/288596,PLA,Area/29
POI/288597,PLA,Area/29
POI/288598,PLA,Area/29
POI/288599,PLA,Area/29
POI/288600,PLA,Area/29
POI/288601,PLA,Area/29
POI/288602,PLA,Area/29
POI/288603,PLA,Area/29
POI/288604,PLA,Area/29
POI/288608,PLA,Area/29
POI/288609,PLA,Area/29
POI/288617,PLA,Area/29
POI/288625,PLA,Area/29
POI/288631,PLA,Area/29
POI/288813,PLA,Area/150
POI/288815,PLA,Area/150
POI/288817,PLA,Area/150
POI/288819,PLA,Area/150
POI/288825,PLA,Area/29
POI/288827,PLA,Area/29
POI/288829,PLA,Area/29
POI/288831,PLA,Area/29
POI/288832,PLA,Area/29
POI/288834,PLA,Area/29
POI/288836,PLA,Area/29
POI/288838,PLA,Area/29
POI/288840,PLA,Area/29
POI/288842,PLA,Area/29
POI/288844,PLA,Area/29
POI/288862,PLA,Area/29
POI/288934,PLA,Area/29
POI/288941,PLA,Area/29
POI/288949,PLA,Area/29
POI/288954,PLA,Area/29
POI/288958,PLA,Area/29
POI/288959,PLA,Area/29
POI/288961,PLA,Area/29
POI/288966,PLA,Area/29
POI/288969,PLA,Area/29
POI/288977,PLA,Area/29
POI/288981,PLA,Area/29
POI/288987,PLA,Area/29
POI/288993,PLA,Area/29
POI/289002,PLA,Area/29
POI/289004,PLA,Area/29
POI/289014,PLA,Area/29
POI/289019,PLA,Area/29
POI/289026,PLA,Area/29
POI/289028,PLA,Area/29
POI/289032,PLA,Area/29
POI/289034,PLA,Area/29
POI/289036,PLA,Area/29
POI/289037,PLA,Area/29
POI/289038,PLA,Area/29
POI/289052,PLA,Area/29
POI/289055,PLA,Area/29
POI/289057,PLA,Area/29
POI/289061,PLA,Area/29
POI/289062,PLA,Area/29
POI/289067,PLA,Area/29
POI/289071,PLA,Area/29
POI/289073,PLA,Area/29
POI/289076,PLA,Area/29
POI/289078,PLA,Area/29
POI/289083,PLA,Area/29
POI/289092,PLA,Area/29
POI/289094,PLA,Area/29
POI/289122,PLA,Area/29
POI/289124,PLA,Area/29
POI/289174,PLA,Area/29
POI/289177,PLA,Area/29
POI/289185,PLA,Area/29
POI/289429,PLA,Area/175
POI/290766,PLA,Area/29
POI/290779,PLA,Area/29
POI/290816,PLA,Area/29
POI/290818,PLA,Area/29
POI/290828,PLA,Area/29
POI/290830,PLA,Area/29
POI/290832,PLA,Area/29
POI/290834,PLA,Area/29
POI/290836,PLA,Area/29
POI/290849,PLA,Area/29
POI/290900,PLA,Area/29
POI/290901,PLA,Area/29
POI/290910,PLA,Area/29
POI/290937,PLA,Area/29
POI/290943,PLA,Area/29
POI/290944,PLA,Area/29
POI/290945,PLA,Area/29
POI/290947,PLA,Area/29
POI/290949,PLA,Area/29
POI/290951,PLA,Area/29
POI/290952,PLA,Area/29
POI/290953,PLA,Area/29
POI/290955,PLA,Area/29
POI/290956,PLA,Area/29
POI/290957,PLA,Area/29
POI/290958,PLA,Area/29
POI/290959,PLA,Area/29
POI/290960,PLA,Area/29
POI/290961,PLA,Area/29
POI/290962,PLA,Area/29
POI/290963,PLA,Area/29
POI/290976,PLA,Area/29
POI/290983,PLA,Area/29
POI/290988,PLA,Area/29
POI/290991,PLA,Area/29
POI/291024,PLA,Area/29
POI/291025,PLA,Area/29
POI/291027,PLA,Area/29
POI/291028,PLA,Area/29
POI/291029,PLA,Area/29
POI/291030,PLA,Area/29
POI/291031,PLA,Area/29
POI/291032,PLA,Area/29
POI/291033,PLA,Area/29
POI/291034,PLA,Area/29
POI/291035,PLA,Area/29
POI/291037,PLA,Area/29
POI/291038,PLA,Area/29
POI/291039,PLA,Area/29
POI/291040,PLA,Area/29
POI/291041,PLA,Area/29
POI/291042,PLA,Area/29
POI/291043,PLA,Area/29
POI/291044,PLA,Area/29
POI/291046,PLA,Area/29
POI/291047,PLA,Area/29
POI/291050,PLA,Area/29
POI/291053,PLA,Area/29
POI/291055,PLA,Area/29
POI/291056,PLA,Area/29
POI/291057,PLA,Area/29
POI/291060,PLA,Area/29
POI/291063,PLA,Area/29
POI/291064,PLA,Area/29
POI/291065,PLA,Area/29
POI/291066,PLA,Area/29
POI/291150,PLA,Area/29
POI/291152,PLA,Area/29
POI/291154,PLA,Area/29
POI/291157,PLA,Area/29
POI/291160,PLA,Area/29
POI/291163,PLA,Area/29
POI/291167,PLA,Area/29
POI/291169,PLA,Area/29
POI/291172,PLA,Area/29
POI/291174,PLA,Area/29
POI/291177,PLA,Area/29
POI/291179,PLA,Area/29
POI/291180,PLA,Area/29
POI/291182,PLA,Area/29
POI/291185,PLA,Area/29
POI/291187,PLA,Area/29
POI/291190,PLA,Area/29
POI/291203,PLA,Area/29
POI/291206,PLA,Area/29
POI/291606,PLA,Area/29
POI/291613,PLA,Area/29
POI/291614,PLA,Area/29
POI/291616,PLA,Area/29
POI/291617,PLA,Area/29
POI/291618,PLA,Area/29
POI/291621,PLA,Area/29
POI/291622,PLA,Area/29
POI/291623,PLA,Area/29
POI/291624,PLA,Area/29
POI/291625,PLA,Area/29
POI/291626,PLA,Area/29
POI/291627,PLA,Area/29
POI/291628,PLA,Area/29
POI/291629,PLA,Area/29
POI/291630,PLA,Area/29
POI/291631,PLA,Area/29
POI/291632,PLA,Area/29
POI/291633,PLA,Area/29
POI/291634,PLA,Area/29
POI/291635,PLA,Area/29
POI/291636,PLA,Area/29
POI/291637,PLA,Area/29
POI/291638,PLA,Area/29
POI/291639,PLA,Area/29
POI/291640,PLA,Area/29
POI/291648,PLA,Area/29
POI/291649,PLA,Area/29
POI/291650,PLA,Area/29
POI/291651,PLA,Area/29
POI/291652,PLA,Area/29
POI/291655,PLA,Area/29
POI/291658,PLA,Area/29
POI/291659,PLA,Area/29
POI/291661,PLA,Area/29
POI/291663,PLA,Area/29
POI/291666,PLA,Area/29
POI/291679,PLA,Area/29
POI/291687,PLA,Area/29
POI/291688,PLA,Area/29
POI/291689,PLA,Area/29
POI/291691,PLA,Area/29
POI/291692,PLA,Area/29
POI/291693,PLA,Area/29
POI/291696,PLA,Area/29
POI/291700,PLA,Area/29
POI/291703,PLA,Area/29
POI/291705,PLA,Area/29
POI/291707,PLA,Area/29
POI/292061,PLA,Area/29
POI/292062,PLA,Area/29
POI/292063,PLA,Area/29
POI/292064,PLA,Area/29
POI/292075,PLA,Area/29
POI/292078,PLA,Area/29
POI/292082,PLA,Area/29
POI/292085,PLA,Area/29
POI/292098,PLA,Area/29
POI/292099,PLA,Area/29
POI/292100,PLA,Area/29
POI/292105,PLA,Area/29
POI/292106,PLA,Area/29
POI/292107,PLA,Area/29
POI/292117,PLA,Area/29
POI/292118,PLA,Area/29
POI/292119,PLA,Area/29
POI/292120,PLA,Area/29
POI/292121,PLA,Area/29
POI/292122,PLA,Area/29
POI/292123,PLA,Area/29
POI/292128,PLA,Area/29
POI/293311,PLA,Area/29
POI/293312,PLA,Area/29
POI/293313,PLA,Area/29
POI/293315,PLA,Area/29
POI/293325,PLA,Area/29
POI/293328,PLA,Area/29
POI/293332,PLA,Area/29
POI/293339,PLA,Area/29
POI/293342,PLA,Area/29
POI/293354,PLA,Area/29
POI/293355,PLA,Area/29
POI/293356,PLA,Area/29
POI/293357,PLA,Area/29
POI/293360,PLA,Area/29
POI/293362,PLA,Area/29
POI/293369,PLA,Area/29
POI/293372,PLA,Area/29
POI/293378,PLA,Area/29
POI/293391,PLA,Area/29
POI/293429,PLA,Area/29
POI/293460,PLA,Area/29
POI/293461,PLA,Area/29
POI/293466,PLA,Area/29
POI/293471,PLA,Area/29
POI/293477,PLA,Area/29
POI/294617,PLA,Area/150
POI/294626,PLA,Area/150
POI/294701,PLA,Area/150
POI/294725,PLA,Area/150
POI/294731,PLA,Area/150
POI/294761,PLA,Area/150
POI/294767,PLA,Area/150
POI/294785,PLA,Area/150
POI/295851,PLA,Area/150
POI/295855,PLA,Area/150
POI/296078,PLA,Area/150
POI/296112,PLA,Area/150
POI/296593,PLA,Area/14
POI/296595,PLA,Area/14
POI/296598,PLA,Area/14
POI/296600,PLA,Area/14
POI/296602,PLA,Area/14
POI/296604,PLA,Area/14
POI/296607,PLA,Area/14
POI/296609,PLA,Area/14
POI/296641,PLA,Area/14
POI/296683,PLA,Area/14
POI/302363,PLA,Area/175
POI/302367,PLA,Area/175
POI/302369,PLA,Area/175
POI/302371,PLA,Area/175
POI/302375,PLA,Area/175
POI/302382,PLA,Area/175
POI/302383,PLA,Area/175
POI/302394,PLA,Area/175
POI/302401,PLA,Area/175
POI/302403,PLA,Area/175
POI/302406,PLA,Area/175
POI/302436,PLA,Area/175
POI/302458,PLA,Area/175
POI/302461,PLA,Area/175
POI/302462,PLA,Area/175
POI/302469,PLA,Area/175
POI/302475,PLA,Area/175
POI/302479,PLA,Area/175
POI/302505,PLA,Area/175
POI/302512,PLA,Area/175
POI/302515,PLA,Area/175
POI/302531,PLA,Area/175
POI/302532,PLA,Area/175
POI/302549,PLA,Area/175
POI/302556,PLA,Area/175
POI/302559,PLA,Area/175
POI/302567,PLA,Area/175
POI/302578,PLA,Area/175
POI/302579,PLA,Area/175
POI/302580,PLA,Area/175
POI/302581,PLA,Area/175
POI/302588,PLA,Area/175
POI/302592,PLA,Area/175
POI/302596,PLA,Area/175
POI/302599,PLA,Area/175
POI/302611,PLA,Area/175
POI/302614,PLA,Area/175
POI/302615,PLA,Area/175
POI/302618,PLA,Area/175
POI/302621,PLA,Area/175
POI/302625,PLA,Area/175
POI/302629,PLA,Area/175
POI/302637,PLA,Area/175
POI/302638,PLA,Area/175
POI/302641,PLA,Area/175
POI/302642,PLA,Area/175
POI/302653,PLA,Area/175
POI/302684,PLA,Area/175
POI/302686,PLA,Area/175
POI/302694,PLA,Area/175
POI/302697,PLA,Area/175
POI/302700,PLA,Area/175
POI/302701,PLA,Area/175
POI/302705,PLA,Area/175
POI/302710,PLA,Area/175
POI/302721,PLA,Area/175
POI/302723,PLA,Area/175
POI/302724,PLA,Area/175
POI/302726,PLA,Area/175
POI/302728,PLA,Area/175
POI/302730,PLA,Area/175
POI/302732,PLA,Area/175
POI/302733,PLA,Area/175
POI/302736,PLA,Area/175
POI/302737,PLA,Area/175
POI/302740,PLA,Area/175
POI/302741,PLA,Area/175
POI/302742,PLA,Area/175
POI/302744,PLA,Area/175
POI/302747,PLA,Area/175
POI/302749,PLA,Area/175
POI/302751,PLA,Area/175
POI/302753,PLA,Area/175
POI/302754,PLA,Area/175
POI/302756,PLA,Area/175
POI/302758,PLA,Area/175
POI/302759,PLA,Area/175
POI/302760,PLA,Area/175
POI/302822,PLA,Area/175
POI/302837,PLA,Area/175
POI/302888,PLA,Area/175
POI/302889,PLA,Area/175
POI/302977,PLA,Area/175
POI/303090,PLA,Area/175
POI/303103,PLA,Area/175
POI/303109,PLA,Area/175
POI/303521,PLA,Area/29
POI/303522,PLA,Area/150
POI/303528,PLA,Area/150
POI/303541,PLA,Area/29
POI/303545,PLA,Area/150
POI/303557,PLA,Area/29
POI/303558,PLA,Area/29
POI/303559,PLA,Area/29
POI/303570,PLA,Area/150
POI/303573,PLA,Area/150
POI/303574,PLA,Area/29
POI/303575,PLA,Area/150
POI/303576,PLA,Area/150
POI/303577,PLA,Area/29
POI/303578,PLA,Area/29
POI/303581,PLA,Area/29
POI/303584,PLA,Area/150
POI/303589,PLA,Area/150
POI/303591,PLA,Area/150
POI/303593,PLA,Area/150
POI/303603,PLA,Area/29
POI/303605,PLA,Area/150
POI/303607,PLA,Area/150
POI/303608,PLA,Area/150
POI/303610,PLA,Area/150
POI/303611,PLA,Area/150
POI/303612,PLA,Area/150
POI/303745,PLA,Area/150
POI/303747,PLA,Area/150
POI/303748,PLA,Area/150
POI/303750,PLA,Area/150
POI/303752,PLA,Area/150
POI/303754,PLA,Area/150
POI/303756,PLA,Area/150
POI/303758,PLA,Area/150
POI/303763,PLA,Area/150
POI/303764,PLA,Area/150
POI/303766,PLA,Area/150
POI/303767,PLA,Area/150
POI/303769,PLA,Area/150
POI/303771,PLA,Area/150
POI/303772,PLA,Area/150
POI/303783,PLA,Area/150
POI/303784,PLA,Area/150
POI/303785,PLA,Area/150
POI/303787,PLA,Area/150
POI/303788,PLA,Area/150
POI/303789,PLA,Area/150
POI/303790,PLA,Area/150
POI/303791,PLA,Area/150
POI/303792,PLA,Area/150
POI/303793,PLA,Area/150
POI/303798,PLA,Area/150
POI/303801,PLA,Area/150
POI/303802,PLA,Area/150
POI/303805,PLA,Area/150
POI/303806,PLA,Area/150
POI/303810,PLA,Area/150
POI/303818,PLA,Area/150
POI/303819,PLA,Area/150
POI/303820,PLA,Area/150
POI/303821,PLA,Area/150
POI/303822,PLA,Area/150
POI/303823,PLA,Area/150
POI/303825,PLA,Area/150
POI/303828,PLA,Area/150
POI/303833,PLA,Area/150
POI/303834,PLA,Area/150
POI/303835,PLA,Area/150
POI/303839,PLA,Area/150
POI/303840,PLA,Area/150
POI/303841,PLA,Area/150
POI/303842,PLA,Area/150
POI/304517,PLA,Area/150
POI/304522,PLA,Area/150
POI/304577,PLA,Area/150
POI/304592,PLA,Area/150
POI/304623,PLA,Area/150
POI/304624,PLA,Area/150
POI/304626,PLA,Area/150
POI/304627,PLA,Area/150
POI/304669,PLA,Area/150
POI/304670,PLA,Area/150
POI/304671,PLA,Area/150
POI/304717,PLA,Area/150
POI/304720,PLA,Area/150
POI/304732,PLA,Area/150
POI/304749,PLA,Area/150
POI/304752,PLA,Area/150
POI/304757,PLA,Area/150
POI/304762,PLA,Area/150
POI/304765,PLA,Area/150
POI/304777,PLA,Area/150
POI/304779,PLA,Area/150
POI/304781,PLA,Area/150
POI/304792,PLA,Area/150
POI/304822,PLA,Area/150
POI/304871,PLA,Area/150
POI/304873,PLA,Area/150
POI/304874,PLA,Area/150
POI/304875,PLA,Area/150
POI/304876,PLA,Area/150
POI/304877,PLA,Area/150
POI/304878,PLA,Area/150
POI/304904,PLA,Area/150
POI/304905,PLA,Area/150
POI/304906,PLA,Area/150
POI/304907,PLA,Area/150
POI/304908,PLA,Area/150
POI/304928,PLA,Area/150
POI/304945,PLA,Area/150
POI/304960,PLA,Area/150
POI/304967,PLA,Area/150
POI/305115,PLA,Area/175
POI/305117,PLA,Area/175
POI/305122,PLA,Area/175
POI/305124,PLA,Area/175
POI/305125,PLA,Area/175
POI/305127,PLA,Area/175
POI/305129,PLA,Area/175
POI/305131,PLA,Area/175
POI/305149,PLA,Area/175
POI/305151,PLA,Area/175
POI/305152,PLA,Area/175
POI/305156,PLA,Area/175
POI/305157,PLA,Area/175
POI/305159,PLA,Area/175
POI/305161,PLA,Area/175
POI/305167,PLA,Area/175
POI/305170,PLA,Area/175
POI/305177,PLA,Area/175
POI/305180,PLA,Area/175
POI/305184,PLA,Area/175
POI/305189,PLA,Area/175
POI/305191,PLA,Area/175
POI/305197,PLA,Area/175
POI/305199,PLA,Area/175
POI/305202,PLA,Area/175
POI/305204,PLA,Area/175
POI/305210,PLA,Area/175
POI/305213,PLA,Area/175
POI/305217,PLA,Area/175
POI/305222,PLA,Area/175
POI/305225,PLA,Area/175
POI/305229,PLA,Area/175
POI/305234,PLA,Area/175
POI/305238,PLA,Area/175
POI/305241,PLA,Area/175
POI/305247,PLA,Area/175
POI/305251,PLA,Area/175
POI/305253,PLA,Area/175
POI/305260,PLA,Area/175
POI/305262,PLA,Area/175
POI/305267,PLA,Area/175
POI/305274,PLA,Area/175
POI/305278,PLA,Area/175
POI/305283,PLA,Area/175
POI/305291,PLA,Area/175
POI/305298,PLA,Area/175
POI/305306,PLA,Area/175
POI/305310,PLA,Area/175
POI/305327,PLA,Area/175
POI/305330,PLA,Area/175
POI/305332,PLA,Area/175
POI/305334,PLA,Area/175
POI/305336,PLA,Area/175
POI/305350,PLA,Area/175
POI/305356,PLA,Area/175
POI/305362,PLA,Area/175
POI/305370,PLA,Area/175
POI/305372,PLA,Area/175
POI/305377,PLA,Area/175
POI/305381,PLA,Area/175
POI/305384,PLA,Area/175
POI/305388,PLA,Area/175
POI/305390,PLA,Area/175
POI/305393,PLA,Area/175
POI/305399,PLA,Area/175
POI/305401,PLA,Area/175
POI/305407,PLA,Area/175
POI/305409,PLA,Area/175
POI/305411,PLA,Area/175
POI/305413,PLA,Area/175
POI/305414,PLA,Area/175
POI/305417,PLA,Area/175
POI/305419,PLA,Area/175
POI/305421,PLA,Area/175
POI/305422,PLA,Area/175
POI/305424,PLA,Area/175
POI/305426,PLA,Area/175
POI/305428,PLA,Area/175
POI/305432,PLA,Area/175
POI/305434,PLA,Area/175
POI/305436,PLA,Area/175
POI/305438,PLA,Area/175
POI/305440,PLA,Area/175
POI/305443,PLA,Area/175
POI/305445,PLA,Area/175
POI/305447,PLA,Area/175
POI/305448,PLA,Area/175
POI/305452,PLA,Area/175
POI/305465,PLA,Area/175
POI/305470,PLA,Area/175
POI/305474,PLA,Area/175
POI/305478,PLA,Area/175
POI/305495,PLA,Area/175
POI/305501,PLA,Area/175
POI/305509,PLA,Area/175
POI/305514,PLA,Area/175
POI/305558,PLA,Area/175
POI/305618,PLA,Area/175
POI/305621,PLA,Area/175
POI/305630,PLA,Area/175
POI/305649,PLA,Area/175
POI/305656,PLA,Area/175
POI/305662,PLA,Area/175
POI/305668,PLA,Area/175
POI/305677,PLA,Area/175
POI/305680,PLA,Area/175
POI/305681,PLA,Area/175
POI/305688,PLA,Area/175
POI/305693,PLA,Area/175
POI/305706,PLA,Area/175
POI/305719,PLA,Area/175
POI/305732,PLA,Area/175
POI/305736,PLA,Area/175
POI/305740,PLA,Area/175
POI/305745,PLA,Area/175
POI/305746,PLA,Area/175
POI/305748,PLA,Area/175
POI/305751,PLA,Area/175
POI/305754,PLA,Area/175
POI/305762,PLA,Area/175
POI/305764,PLA,Area/175
POI/305766,PLA,Area/175
POI/305774,PLA,Area/175
POI/305775,PLA,Area/175
POI/305780,PLA,Area/175
POI/305783,PLA,Area/175
POI/305786,PLA,Area/175
POI/305790,PLA,Area/175
POI/305795,PLA,Area/175
POI/306288,PLA,Area/210
POI/306291,PLA,Area/210
POI/306293,PLA,Area/210
POI/306325,PLA,Area/210
POI/306356,PLA,Area/210
POI/306357,PLA,Area/210
POI/306358,PLA,Area/210
POI/306359,PLA,Area/210
POI/306360,PLA,Area/210
POI/306384,PLA,Area/210
POI/306385,PLA,Area/210
POI/306582,PLA,Area/175
POI/306585,PLA,Area/175
POI/306756,PLA,Area/175
POI/306804,PLA,Area/210
POI/306813,PLA,Area/210
POI/306814,PLA,Area/210
POI/306865,PLA,Area/210
POI/306875,PLA,Area/210
POI/306891,PLA,Area/210
POI/307895,PLA,Area/175
POI/307908,PLA,Area/175
POI/308007,PLA,Area/175
POI/308009,PLA,Area/175
POI/308123,PLA,Area/210
POI/308132,PLA,Area/210
POI/308133,PLA,Area/210
POI/308149,PLA,Area/210
POI/308551,PLA,Area/175
POI/308552,PLA,Area/175
POI/308553,PLA,Area/175
POI/308554,PLA,Area/175
POI/308562,PLA,Area/175
POI/308564,PLA,Area/175
POI/308566,PLA,Area/175
POI/308568,PLA,Area/175
POI/308602,PLA,Area/122
POI/308659,PLA,Area/122
POI/308673,PLA,Area/122
POI/308960,PLA,Area/210
POI/308970,PLA,Area/210
POI/308991,PLA,Area/210
POI/309002,PLA,Area/210
POI/309004,PLA,Area/210
POI/309006,PLA,Area/210
POI/309031,PLA,Area/210
POI/309037,PLA,Area/210
POI/309044,PLA,Area/210
POI/309050,PLA,Area/210
POI/309056,PLA,Area/210
POI/309061,PLA,Area/210
POI/309065,PLA,Area/210
POI/309070,PLA,Area/210
POI/309076,PLA,Area/210
POI/309079,PLA,Area/210
POI/309132,PLA,Area/210
POI/309224,PLA,Area/210
POI/309236,PLA,Area/210
POI/309242,PLA,Area/210
POI/309256,PLA,Area/210
POI/309286,PLA,Area/210
POI/309291,PLA,Area/210
POI/309329,PLA,Area/210
POI/309350,PLA,Area/210
POI/309354,PLA,Area/210
POI/310218,PLA,Area/210
POI/310220,PLA,Area/210
POI/310228,PLA,Area/210
POI/310235,PLA,Area/210
POI/310241,PLA,Area/210
POI/310242,PLA,Area/210
POI/311060,PLA,Area/29
POI/311061,PLA,Area/29
POI/311063,PLA,Area/29
POI/311064,PLA,Area/29
POI/311065,PLA,Area/29
POI/311066,PLA,Area/29
POI/311067,PLA,Area/29
POI/311069,PLA,Area/29
POI/311072,PLA,Area/29
POI/311073,PLA,Area/29
POI/311074,PLA,Area/29
POI/311077,PLA,Area/29
POI/311078,PLA,Area/29
POI/311082,PLA,Area/29
POI/311084,PLA,Area/29
POI/311093,PLA,Area/29
POI/311096,PLA,Area/29
POI/311099,PLA,Area/29
POI/311100,PLA,Area/29
POI/311102,PLA,Area/29
POI/311103,PLA,Area/29
POI/311106,PLA,Area/29
POI/311110,PLA,Area/29
POI/311126,PLA,Area/29
POI/311148,PLA,Area/29
POI/311152,PLA,Area/29
POI/311155,PLA,Area/29
POI/311158,PLA,Area/29
POI/311160,PLA,Area/29
POI/311161,PLA,Area/29
POI/311268,PLA,Area/29
POI/311292,PLA,Area/29
POI/311293,PLA,Area/29
POI/311294,PLA,Area/29
POI/311295,PLA,Area/29
POI/311296,PLA,Area/29
POI/311297,PLA,Area/29
POI/311298,PLA,Area/29
POI/311299,PLA,Area/29
POI/311302,PLA,Area/29
POI/311303,PLA,Area/29
POI/311304,PLA,Area/29
POI/311306,PLA,Area/29
POI/311307,PLA,Area/29
POI/311308,PLA,Area/29
POI/311309,PLA,Area/29
POI/311310,PLA,Area/29
POI/311311,PLA,Area/29
POI/311312,PLA,Area/29
POI/311313,PLA,Area/29
POI/311316,PLA,Area/29
POI/311318,PLA,Area/29
POI/311321,PLA,Area/29
POI/311331,PLA,Area/29
POI/311332,PLA,Area/29
POI/311333,PLA,Area/29
POI/311335,PLA,Area/29
POI/311336,PLA,Area/29
POI/311338,PLA,Area/29
POI/311342,PLA,Area/29
POI/311343,PLA,Area/29
POI/311348,PLA,Area/29
POI/311349,PLA,Area/29
POI/311352,PLA,Area/29
POI/311353,PLA,Area/29
POI/311354,PLA,Area/29
POI/311355,PLA,Area/29
POI/311380,PLA,Area/29
POI/311385,PLA,Area/29
POI/311387,PLA,Area/29
POI/311389,PLA,Area/29
POI/311391,PLA,Area/29
POI/311392,PLA,Area/29
POI/311397,PLA,Area/29
POI/311400,PLA,Area/29
POI/311404,PLA,Area/29
POI/311409,PLA,Area/29
POI/311412,PLA,Area/29
POI/311413,PLA,Area/29
POI/311417,PLA,Area/29
POI/311418,PLA,Area/29
POI/311420,PLA,Area/29
POI/311421,PLA,Area/29
POI/311423,PLA,Area/29
POI/311427,PLA,Area/29
POI/311429,PLA,Area/29
POI/311431,PLA,Area/29
POI/311432,PLA,Area/29
POI/311433,PLA,Area/29
POI/311434,PLA,Area/29
POI/311435,PLA,Area/29
POI/311438,PLA,Area/29
POI/316001,PLA,Area/130
POI/316006,PLA,Area/130
POI/316013,PLA,Area/130
POI/316024,PLA,Area/130
POI/316027,PLA,Area/130
POI/316050,PLA,Area/130
POI/316052,PLA,Area/130
POI/316053,PLA,Area/130
POI/316119,PLA,Area/130
POI/316131,PLA,Area/130
POI/316154,PLA,Area/130
POI/316155,PLA,Area/130
POI/316269,PLA,Area/130
POI/316278,PLA,Area/130
POI/316300,PLA,Area/130
POI/316308,PLA,Area/130
POI/316315,PLA,Area/130
POI/316320,PLA,Area/130
POI/316326,PLA,Area/130
POI/316328,PLA,Area/130
POI/316338,PLA,Area/130
POI/316351,PLA,Area/130
POI/316370,PLA,Area/130
POI/316376,PLA,Area/130
POI/316412,PLA,Area/130
POI/316439,PLA,Area/130
POI/316440,PLA,Area/130
POI/316441,PLA,Area/130
POI/316442,PLA,Area/130
POI/316443,PLA,Area/130
POI/316444,PLA,Area/130
POI/316468,PLA,Area/130
POI/316501,PLA,Area/130
POI/316532,PLA,Area/130
POI/316779,PLA,Area/130
POI/316790,PLA,Area/130
POI/317058,PLA,Area/130
POI/317120,PLA,Area/130
POI/317122,PLA,Area/130
POI/317125,PLA,Area/130
POI/317127,PLA,Area/130
POI/317129,PLA,Area/130
POI/317132,PLA,Area/130
POI/317137,PLA,Area/130
POI/317139,PLA,Area/130
POI/317140,PLA,Area/130
POI/317142,PLA,Area/130
POI/317227,PLA,Area/130
POI/317268,PLA,Area/130
POI/317300,PLA,Area/130
POI/317827,PLA,Area/92
POI/319048,PLA,Area/129
POI/322034,PLA,Area/113
POI/322035,PLA,Area/113
POI/322038,PLA,Area/113
POI/322040,PLA,Area/113
POI/322041,PLA,Area/113
POI/322043,PLA,Area/113
POI/322045,PLA,Area/113
POI/322046,PLA,Area/113
POI/322048,PLA,Area/113
POI/322051,PLA,Area/113
POI/322056,PLA,Area/113
POI/322058,PLA,Area/113
POI/322060,PLA,Area/113
POI/322062,PLA,Area/113
POI/322063,PLA,Area/113
POI/322064,PLA,Area/113
POI/322066,PLA,Area/113
POI/322067,PLA,Area/113
POI/322073,PLA,Area/113
POI/322076,PLA,Area/113
POI/322078,PLA,Area/113
POI/322080,PLA,Area/113
POI/322082,PLA,Area/113
POI/322083,PLA,Area/113
POI/322087,PLA,Area/113
POI/322089,PLA,Area/113
POI/322091,PLA,Area/113
POI/322092,PLA,Area/113
POI/322093,PLA,Area/113
POI/322095,PLA,Area/113
POI/322096,PLA,Area/113
POI/322097,PLA,Area/113
POI/322098,PLA,Area/113
POI/322099,PLA,Area/113
POI/322100,PLA,Area/113
POI/322101,PLA,Area/113
POI/322102,PLA,Area/113
POI/322103,PLA,Area/113
POI/322104,PLA,Area/113
POI/322105,PLA,Area/113
POI/322106,PLA,Area/113
POI/322107,PLA,Area/113
POI/322108,PLA,Area/113
POI/322109,PLA,Area/113
POI/322110,PLA,Area/113
POI/322111,PLA,Area/113
POI/322112,PLA,Area/113
POI/322113,PLA,Area/113
POI/322114,PLA,Area/113
POI/322115,PLA,Area/113
POI/322116,PLA,Area/113
POI/322117,PLA,Area/113
POI/322118,PLA,Area/113
POI/322119,PLA,Area/113
POI/322120,PLA,Area/113
POI/322121,PLA,Area/113
POI/322122,PLA,Area/113
POI/322123,PLA,Area/113
POI/322124,PLA,Area/113
POI/322125,PLA,Area/113
POI/322126,PLA,Area/113
POI/322127,PLA,Area/113
POI/322128,PLA,Area/113
POI/322129,PLA,Area/113
POI/322130,PLA,Area/113
POI/322131,PLA,Area/113
POI/322132,PLA,Area/113
POI/322133,PLA,Area/113
POI/322134,PLA,Area/113
POI/322135,PLA,Area/113
POI/322136,PLA,Area/113
POI/322137,PLA,Area/113
POI/322138,PLA,Area/113
POI/322139,PLA,Area/113
POI/322140,PLA,Area/113
POI/322141,PLA,Area/113
POI/322142,PLA,Area/113
POI/322143,PLA,Area/113
POI/322144,PLA,Area/113
POI/322145,PLA,Area/113
POI/322146,PLA,Area/113
POI/322147,PLA,Area/113
POI/322148,PLA,Area/113
POI/322149,PLA,Area/113
POI/322189,PLA,Area/148
POI/322209,PLA,Area/148
POI/322460,PLA,Area/211
POI/322513,PLA,Area/148
POI/322516,PLA,Area/148
POI/322603,PLA,Area/148
POI/322607,PLA,Area/148
POI/322608,PLA,Area/148
POI/322611,PLA,Area/148
POI/322614,PLA,Area/148
POI/322616,PLA,Area/148
POI/322621,PLA,Area/148
POI/322642,PLA,Area/148
POI/322643,PLA,Area/148
POI/322654,PLA,Area/148
POI/322658,PLA,Area/148
POI/322675,PLA,Area/79
POI/322676,PLA,Area/79
POI/322677,PLA,Area/79
POI/322678,PLA,Area/79
POI/322679,PLA,Area/79
POI/322680,PLA,Area/79
POI/322681,PLA,Area/79
POI/322683,PLA,Area/79
POI/322684,PLA,Area/79
POI/322686,PLA,Area/79
POI/322687,PLA,Area/79
POI/322688,PLA,Area/79
POI/322689,PLA,Area/79
POI/322690,PLA,Area/79
POI/322691,PLA,Area/79
POI/322692,PLA,Area/79
POI/322693,PLA,Area/79
POI/322694,PLA,Area/79
POI/322695,PLA,Area/79
POI/322696,PLA,Area/79
POI/322697,PLA,Area/79
POI/322698,PLA,Area/79
POI/322699,PLA,Area/79
POI/322700,PLA,Area/79
POI/322701,PLA,Area/79
POI/322703,PLA,Area/79
POI/322704,PLA,Area/79
POI/322706,PLA,Area/79
POI/322707,PLA,Area/79
POI/322708,PLA,Area/79
POI/322709,PLA,Area/79
POI/322710,PLA,Area/79
POI/322711,PLA,Area/79
POI/322712,PLA,Area/79
POI/322713,PLA,Area/79
POI/322714,PLA,Area/79
POI/322716,PLA,Area/79
POI/322717,PLA,Area/79
POI/322718,PLA,Area/79
POI/322719,PLA,Area/79
POI/322720,PLA,Area/79
POI/322721,PLA,Area/79
POI/322722,PLA,Area/79
POI/322723,PLA,Area/79
POI/322724,PLA,Area/79
POI/322725,PLA,Area/79
POI/322726,PLA,Area/79
POI/322727,PLA,Area/79
POI/322728,PLA,Area/79
POI/322729,PLA,Area/79
POI/322730,PLA,Area/79
POI/322731,PLA,Area/79
POI/322732,PLA,Area/79
POI/322733,PLA,Area/79
POI/322734,PLA,Area/79
POI/322735,PLA,Area/79
POI/322736,PLA,Area/79
POI/322737,PLA,Area/79
POI/322738,PLA,Area/79
POI/322739,PLA,Area/79
POI/322740,PLA,Area/79
POI/322741,PLA,Area/79
POI/322742,PLA,Area/79
POI/322743,PLA,Area/79
POI/322746,PLA,Area/79
POI/322747,PLA,Area/79
POI/322748,PLA,Area/79
POI/322749,PLA,Area/79
POI/322750,PLA,Area/79
POI/322751,PLA,Area/79
POI/322752,PLA,Area/79
POI/322753,PLA,Area/79
POI/322754,PLA,Area/79
POI/322755,PLA,Area/79
POI/322756,PLA,Area/79
POI/322757,PLA,Area/79
POI/322758,PLA,Area/79
POI/322759,PLA,Area/79
POI/322760,PLA,Area/79
POI/322761,PLA,Area/79
POI/322762,PLA,Area/79
POI/322763,PLA,Area/79
POI/322764,PLA,Area/79
POI/322765,PLA,Area/79
POI/322766,PLA,Area/79
POI/322768,PLA,Area/79
POI/322769,PLA,Area/79
POI/322770,PLA,Area/79
POI/322771,PLA,Area/79
POI/322773,PLA,Area/79
POI/322774,PLA,Area/79
POI/322775,PLA,Area/79
POI/322776,PLA,Area/79
POI/322778,PLA,Area/79
POI/322779,PLA,Area/79
POI/322780,PLA,Area/79
POI/322781,PLA,Area/79
POI/322782,PLA,Area/79
POI/322783,PLA,Area/79
POI/322784,PLA,Area/79
POI/322785,PLA,Area/79
POI/322786,PLA,Area/79
POI/322787,PLA,Area/79
POI/322788,PLA,Area/79
POI/322789,PLA,Area/79
POI/322790,PLA,Area/79
POI/322791,PLA,Area/79
POI/322792,PLA,Area/79
POI/322793,PLA,Area/79
POI/322795,PLA,Area/79
POI/322796,PLA,Area/79
POI/322797,PLA,Area/79
POI/322798,PLA,Area/79
POI/322799,PLA,Area/79
POI/322800,PLA,Area/79
POI/322801,PLA,Area/79
POI/322802,PLA,Area/79
POI/322803,PLA,Area/79
POI/322804,PLA,Area/79
POI/322805,PLA,Area/79
POI/322806,PLA,Area/79
POI/322807,PLA,Area/79
POI/322808,PLA,Area/79
POI/322809,PLA,Area/79
POI/322810,PLA,Area/79
POI/322811,PLA,Area/79
POI/322812,PLA,Area/79
POI/322813,PLA,Area/79
POI/322814,PLA,Area/79
POI/322815,PLA,Area/79
POI/322816,PLA,Area/79
POI/322817,PLA,Area/79
POI/322818,PLA,Area/79
POI/322819,PLA,Area/79
POI/322820,PLA,Area/79
POI/322821,PLA,Area/79
POI/322822,PLA,Area/79
POI/322823,PLA,Area/79
POI/322824,PLA,Area/79
POI/322825,PLA,Area/79
POI/322826,PLA,Area/79
POI/322827,PLA,Area/79
POI/322828,PLA,Area/79
POI/322829,PLA,Area/79
POI/322830,PLA,Area/79
POI/322831,PLA,Area/79
POI/322832,PLA,Area/79
POI/322833,PLA,Area/79
POI/322834,PLA,Area/79
POI/322835,PLA,Area/79
POI/322836,PLA,Area/79
POI/322837,PLA,Area/79
POI/322838,PLA,Area/79
POI/322839,PLA,Area/79
POI/322840,PLA,Area/79
POI/322841,PLA,Area/79
POI/322842,PLA,Area/79
POI/322843,PLA,Area/79
POI/322845,PLA,Area/79
POI/322846,PLA,Area/79
POI/322925,PLA,Area/234
POI/322926,PLA,Area/234
POI/322927,PLA,Area/234
POI/322928,PLA,Area/234
POI/322929,PLA,Area/234
POI/322930,PLA,Area/234
POI/322931,PLA,Area/234
POI/322932,PLA,Area/234
POI/322961,PLA,Area/234
POI/322967,PLA,Area/234
POI/322972,PLA,Area/234
POI/322977,PLA,Area/234
POI/322978,PLA,Area/234
POI/322979,PLA,Area/234
POI/322982,PLA,Area/234
POI/322993,PLA,Area/234
POI/323003,PLA,Area/234
POI/323004,PLA,Area/234
POI/323010,PLA,Area/234
POI/323011,PLA,Area/234
POI/323017,PLA,Area/234
POI/323019,PLA,Area/234
POI/323292,PLA,Area/196
POI/326152,PLA,Area/108
POI/326153,PLA,Area/108
POI/326154,PLA,Area/108
POI/326157,PLA,Area/108
POI/326158,PLA,Area/108
POI/326159,PLA,Area/108
POI/326160,PLA,Area/108
POI/326161,PLA,Area/108
POI/326162,PLA,Area/108
POI/326163,PLA,Area/108
POI/326164,PLA,Area/108
POI/326165,PLA,Area/108
POI/326166,PLA,Area/108
POI/326167,PLA,Area/108
POI/326168,PLA,Area/108
POI/326169,PLA,Area/108
POI/326173,PLA,Area/108
POI/326188,PLA,Area/108
POI/326190,PLA,Area/108
POI/326191,PLA,Area/108
POI/326204,PLA,Area/108
POI/326217,PLA,Area/108
POI/326246,PLA,Area/108
POI/326263,PLA,Area/108
POI/326267,PLA,Area/108
POI/326273,PLA,Area/108
POI/326274,PLA,Area/108
POI/326275,PLA,Area/108
POI/326276,PLA,Area/108
POI/326277,PLA,Area/108
POI/326278,PLA,Area/108
POI/326279,PLA,Area/108
POI/326280,PLA,Area/108
POI/326281,PLA,Area/108
POI/326282,PLA,Area/108
POI/326283,PLA,Area/108
POI/326285,PLA,Area/108
POI/326296,PLA,Area/108
POI/326300,PLA,Area/108
POI/326301,PLA,Area/108
POI/326302,PLA,Area/108
POI/326303,PLA,Area/108
POI/326304,PLA,Area/108
POI/326305,PLA,Area/108
POI/326306,PLA,Area/108
POI/326325,PLA,Area/108
POI/326326,PLA,Area/108
POI/326327,PLA,Area/108
POI/326328,PLA,Area/108
POI/326329,PLA,Area/108
POI/326366,PLA,Area/108
POI/326375,PLA,Area/108
POI/326390,PLA,Area/108
POI/326391,PLA,Area/108
POI/326392,PLA,Area/108
POI/326408,PLA,Area/108
POI/326409,PLA,Area/108
POI/326410,PLA,Area/108
POI/326421,PLA,Area/108
POI/326424,PLA,Area/108
POI/326433,PLA,Area/108
POI/326438,PLA,Area/108
POI/326443,PLA,Area/108
POI/326449,PLA,Area/108
POI/326452,PLA,Area/108
POI/326456,PLA,Area/108
POI/326460,PLA,Area/108
POI/326461,PLA,Area/108
POI/326464,PLA,Area/108
POI/326467,PLA,Area/108
POI/326470,PLA,Area/108
POI/326471,PLA,Area/108
POI/326474,PLA,Area/108
POI/326476,PLA,Area/108
POI/326477,PLA,Area/108
POI/326478,PLA,Area/108
POI/326479,PLA,Area/108
POI/326482,PLA,Area/108
POI/326485,PLA,Area/108
POI/326516,PLA,Area/108
POI/326517,PLA,Area/108
POI/326520,PLA,Area/108
POI/326525,PLA,Area/108
POI/326529,PLA,Area/108
POI/326533,PLA,Area/108
POI/326560,PLA,Area/108
POI/326561,PLA,Area/108
POI/326567,PLA,Area/108
POI/326568,PLA,Area/108
POI/326584,PLA,Area/108
POI/326595,PLA,Area/108
POI/326597,PLA,Area/108
POI/326598,PLA,Area/108
POI/326599,PLA,Area/108
POI/326607,PLA,Area/108
POI/326638,PLA,Area/108
POI/326640,PLA,Area/108
POI/326642,PLA,Area/108
POI/326665,PLA,Area/123
POI/326749,PLA,Area/29
POI/326753,PLA,Area/29
POI/326775,PLA,Area/29
POI/326776,PLA,Area/29
POI/326777,PLA,Area/29
POI/326793,PLA,Area/123
POI/326794,PLA,Area/29
POI/326807,PLA,Area/29
POI/326819,PLA,Area/123
POI/326827,PLA,Area/123
POI/326828,PLA,Area/123
POI/326831,PLA,Area/123
POI/326832,PLA,Area/123
POI/326833,PLA,Area/123
POI/326834,PLA,Area/123
